key	text	x	y	px	py	x0	y0	x1	y1	own_dist	nearest_other	nearest_other_dist	leader
F1	F1	0.5284	-0.0165	29.67	39.06	34.37	34.43	45.97	43.69	4.70	F2	16.78	no
F2	F2	0.5809	-0.0127	60.84	51.47	44.54	46.84	56.14	56.10	4.70	F1	16.78	no
F3	F3	0.6079	-0.0125	76.85	52.24	81.55	47.58	93.15	56.91	4.70	F4	12.37	no
F4	F4	0.6176	-0.0072	82.61	69.29	66.31	64.65	77.91	73.92	4.70	F3	12.41	no
F5	F5	0.6498	-0.0063	101.68	72.30	106.38	67.63	117.98	76.97	4.70	F6	12.41	no
F6	F6	0.6502	-0.0013	101.92	88.55	106.62	83.88	118.22	93.22	4.70	F5	12.59	no
F7	F7	0.7056	-0.0004	134.79	91.56	139.49	86.90	151.09	96.23	4.70	F6	37.57	no
F8	F8	0.8509	0.0049	221.01	108.90	225.71	104.23	237.31	113.56	4.70	F9	28.03	no
F9	F9	0.8535	-0.0051	222.56	76.37	227.26	71.71	238.86	81.04	4.70	F8	28.55	no
F10	F10	1.0038	0.0039	311.76	105.65	316.46	100.98	331.78	110.32	4.70	F8	95.46	no
