x	y
7.7614	4.0493
7.7791	-4.1312
3.0926	1.2674
5.1158	2.6302
2.9250	1.0403
4.8692	2.7700
2.9457	1.6669
6.1346	3.9408
2.3984	1.2434
6.1957	3.4316
3.5919	1.6400
5.8357	3.2415
4.4837	2.6692
3.7418	2.0433
6.9820	3.8101
3.5629	2.0468
9.8509	4.8947
10.1450	5.4218
3.0257	1.5658
9.4581	5.4757
7.3742	4.0788
6.5016	3.7035
4.8731	2.5702
6.6152	3.2348
3.0500	1.5443
3.7485	1.8698
3.4480	1.5663
7.5413	4.1114
9.4471	4.9125
3.8374	1.8385
4.2723	1.6572
4.7345	1.8335
3.2832	1.9870
5.3109	-1.8333
3.1935	1.9389
5.7070	2.3389
2.9396	0.4629
3.3758	1.0424
4.8832	2.8760
3.7034	2.2283
3.6875	2.1983
4.1326	1.4046
6.9595	4.0731
4.8827	2.3078
3.6426	1.5885
5.6917	3.1327
6.4569	-1.3239
9.2815	-3.2406
8.8026	-0.5761
5.9343	3.2738
12.3685	-2.6644
2.8989	1.6582
4.9783	2.5267
3.4005	1.7201
7.8532	4.2945
5.6723	-1.6818
9.1082	5.2167
4.2147	2.0233
6.3304	1.0370
5.5570	2.2138
4.0767	-0.2084
3.0483	0.6118
2.1027	1.2044
4.2660	2.4386
5.8595	1.0430
2.6815	1.2226
3.6125	1.4170
4.9363	2.4048
3.5004	0.4397
8.1247	4.1718
