traffic,kind,sessions_with_any,share_of_sessions,total,median_per_session_with_any,p90_per_session_with_any,max_per_session
production,cache_refresh,10,0.025126,553,36.5,160.4,164
production,difficulty_judged,214,0.537688,334,1.0,2.0,39
production,efficiency,77,0.193467,438,1.0,15.4,84
production,effort_routed,219,0.550251,12094,25.0,117.2,523
production,judge_usage,9,0.022613,16,1.0,3.0,7
production,model_routed,219,0.550251,12094,25.0,117.2,523
production,role_proposed,5,0.012563,140,9.0,71.6,108
production,routed,219,0.550251,12095,25.0,117.2,523
production,scored,1,0.002513,1,1.0,1.0,1
production,shadow_proposed,82,0.20603,633,6.0,10.0,36
production,waste_guard,7,0.017588,7,1.0,1.0,1
test,difficulty_judged,211,0.185739,216,1.0,1.0,3
test,efficiency,16,0.014085,26,1.0,2.0,6
test,effort_routed,709,0.62412,3752,4.0,10.0,83
test,judge_usage,6,0.005282,10,1.5,2.5,3
test,model_routed,463,0.40757,2099,3.0,9.0,83
test,routed,721,0.634683,4045,5.0,10.0,83
test,scored,159,0.139965,730,3.0,10.0,24
test,shadow_proposed,182,0.160211,991,5.0,9.0,21
unclassified,cua_decided,1,0.015873,1,1.0,1.0,1
unclassified,role_proposed,2,0.031746,4,2.0,2.0,2
unclassified,routed,3,0.047619,6,2.0,2.0,2
unclassified,scored,5,0.079365,5,1.0,1.0,1
unclassified,shadow_proposed,6,0.095238,18,1.0,7.0,13
