store,period,traffic,event,n
events,after,production,cache_refresh,553
events,after,production,difficulty_judged,334
events,after,production,efficiency,438
events,after,production,effort_routed,12091
events,after,production,fallback,14
events,after,production,health,156461
events,after,production,judge_usage,16
events,after,production,model_routed,12091
events,after,production,observatory,258
events,after,production,requested,14
events,after,production,routed,12091
events,after,production,slow_end,12088
events,after,production,slow_start,12091
events,after,production,source,582
events,after,production,tool_end,13289
events,after,production,tool_start,13306
events,after,production,turn_end,323
events,after,production,turn_start,345
events,after,production,waste_guard,7
events,after,test,difficulty_judged,216
events,after,test,efficiency,26
events,after,test,effort_routed,614
events,after,test,fallback,3
events,after,test,health,39953
events,after,test,judge_usage,10
events,after,test,model_routed,614
events,after,test,observatory,239
events,after,test,requested,3
events,after,test,routed,614
events,after,test,shadow_agreement,1
events,after,test,shadow_observed,1
events,after,test,shadow_proposed,1
events,after,test,slow_end,614
events,after,test,slow_start,614
events,after,test,source,1692
events,after,test,tool_end,425
events,after,test,tool_start,425
events,after,test,turn_end,228
events,after,test,turn_start,228
events,after,unclassified,cua_decided,1
events,after,unclassified,source,1
events,week,production,effort_routed,3
events,week,production,fallback,51
events,week,production,health,99645
events,week,production,model_routed,3
events,week,production,observatory,147
events,week,production,requested,2
events,week,production,role_agreement,25
events,week,production,role_proposed,140
events,week,production,routed,4
events,week,production,scored,1
events,week,production,shadow_agreement,633
events,week,production,shadow_observed,634
events,week,production,shadow_proposed,633
events,week,production,slow_end,3
events,week,production,slow_start,3
events,week,production,source,46
events,week,production,tool_end,2
events,week,production,tool_start,2
events,week,production,turn_end,2
events,week,production,turn_start,2
events,week,test,effort_routed,3138
events,week,test,fallback,1655
events,week,test,health,35491
events,week,test,model_routed,1485
events,week,test,observatory,8
events,week,test,requested,1171
events,week,test,routed,3431
events,week,test,scored,730
events,week,test,shadow_agreement,990
events,week,test,shadow_observed,2248
events,week,test,shadow_proposed,990
events,week,test,slow_end,3303
events,week,test,slow_start,3304
events,week,test,source,2053
events,week,test,tool_end,3996
events,week,test,tool_start,3997
events,week,test,turn_end,496
events,week,test,turn_start,498
events,week,unclassified,fallback,2
events,week,unclassified,health,527
events,week,unclassified,observatory,16
events,week,unclassified,requested,6
events,week,unclassified,role_agreement,3
events,week,unclassified,role_proposed,4
events,week,unclassified,routed,6
events,week,unclassified,scored,5
events,week,unclassified,shadow_agreement,18
events,week,unclassified,shadow_observed,19
events,week,unclassified,shadow_proposed,18
events,week,unclassified,slow_end,4
events,week,unclassified,slow_start,4
events,week,unclassified,tool_end,3
events,week,unclassified,tool_start,3
events,week,unclassified,turn_end,3
events,week,unclassified,turn_start,3
events-eval,after,test,cache_refresh,3
events-eval,after,test,difficulty_judged,81
events-eval,after,test,efficiency,38
events-eval,after,test,effort_routed,437
events-eval,after,test,health,3907
events-eval,after,test,model_routed,437
events-eval,after,test,requested,34
events-eval,after,test,routed,457
events-eval,after,test,scored,34
events-eval,after,test,slow_end,436
events-eval,after,test,slow_start,437
events-eval,after,test,source,388
events-eval,after,test,step_decided,168
events-eval,after,test,tool_end,463
events-eval,after,test,tool_start,469
events-eval,after,test,turn_end,73
events-eval,after,test,turn_start,81
