store,day,traffic,event,n
events,2026-09-17,test,health,70
events,2026-09-17,unclassified,health,39
events,2026-09-17,unclassified,observatory,3
events,2026-09-17,unclassified,shadow_agreement,1
events,2026-09-17,unclassified,shadow_observed,1
events,2026-09-17,unclassified,shadow_proposed,1
events,2026-09-18,production,health,7717
events,2026-09-18,production,observatory,37
events,2026-09-18,production,role_agreement,8
events,2026-09-18,production,role_proposed,35
events,2026-09-18,production,shadow_agreement,157
events,2026-09-18,production,shadow_observed,157
events,2026-09-18,production,shadow_proposed,157
events,2026-09-18,production,source,1
events,2026-09-18,test,effort_routed,359
events,2026-09-18,test,fallback,119
events,2026-09-18,test,health,5438
events,2026-09-18,test,observatory,2
events,2026-09-18,test,requested,298
events,2026-09-18,test,routed,565
events,2026-09-18,test,scored,298
events,2026-09-18,test,shadow_agreement,384
events,2026-09-18,test,shadow_observed,543
events,2026-09-18,test,shadow_proposed,384
events,2026-09-18,test,slow_end,523
events,2026-09-18,test,slow_start,525
events,2026-09-18,test,source,228
events,2026-09-18,test,tool_end,612
events,2026-09-18,test,tool_start,612
events,2026-09-18,test,turn_end,57
events,2026-09-18,test,turn_start,59
events,2026-09-18,unclassified,fallback,2
events,2026-09-18,unclassified,health,488
events,2026-09-18,unclassified,observatory,13
events,2026-09-18,unclassified,requested,6
events,2026-09-18,unclassified,role_agreement,3
events,2026-09-18,unclassified,role_proposed,4
events,2026-09-18,unclassified,routed,6
events,2026-09-18,unclassified,scored,5
events,2026-09-18,unclassified,shadow_agreement,17
events,2026-09-18,unclassified,shadow_observed,18
events,2026-09-18,unclassified,shadow_proposed,17
events,2026-09-18,unclassified,slow_end,4
events,2026-09-18,unclassified,slow_start,4
events,2026-09-18,unclassified,tool_end,3
events,2026-09-18,unclassified,tool_start,3
events,2026-09-18,unclassified,turn_end,3
events,2026-09-18,unclassified,turn_start,3
events,2026-09-19,production,health,11420
events,2026-09-19,test,effort_routed,336
events,2026-09-19,test,fallback,301
events,2026-09-19,test,health,1926
events,2026-09-19,test,model_routed,82
events,2026-09-19,test,requested,4
events,2026-09-19,test,routed,339
events,2026-09-19,test,scored,4
events,2026-09-19,test,shadow_agreement,67
events,2026-09-19,test,shadow_observed,296
events,2026-09-19,test,shadow_proposed,67
events,2026-09-19,test,slow_end,337
events,2026-09-19,test,slow_start,336
events,2026-09-19,test,source,172
events,2026-09-19,test,tool_end,429
events,2026-09-19,test,tool_start,429
events,2026-09-19,test,turn_end,44
events,2026-09-19,test,turn_start,43
events,2026-09-20,production,fallback,3
events,2026-09-20,production,health,25785
events,2026-09-20,production,observatory,65
events,2026-09-20,production,role_agreement,6
events,2026-09-20,production,role_proposed,65
events,2026-09-20,production,shadow_agreement,270
events,2026-09-20,production,shadow_observed,270
events,2026-09-20,production,shadow_proposed,270
events,2026-09-20,test,effort_routed,2443
events,2026-09-20,test,fallback,1235
events,2026-09-20,test,health,23385
events,2026-09-20,test,model_routed,1403
events,2026-09-20,test,observatory,6
events,2026-09-20,test,requested,869
events,2026-09-20,test,routed,2527
events,2026-09-20,test,scored,428
events,2026-09-20,test,shadow_agreement,539
events,2026-09-20,test,shadow_observed,1409
events,2026-09-20,test,shadow_proposed,539
events,2026-09-20,test,slow_end,2443
events,2026-09-20,test,slow_start,2443
events,2026-09-20,test,source,1600
events,2026-09-20,test,tool_end,2955
events,2026-09-20,test,tool_start,2956
events,2026-09-20,test,turn_end,395
events,2026-09-20,test,turn_start,396
events,2026-09-21,production,health,11418
events,2026-09-22,production,fallback,44
events,2026-09-22,production,health,14737
events,2026-09-22,production,observatory,19
events,2026-09-22,production,role_proposed,18
events,2026-09-22,production,shadow_agreement,102
events,2026-09-22,production,shadow_observed,102
events,2026-09-22,production,shadow_proposed,102
events,2026-09-22,production,source,13
events,2026-09-22,test,health,4580
events,2026-09-22,test,source,21
events,2026-09-23,production,effort_routed,3
events,2026-09-23,production,fallback,4
events,2026-09-23,production,health,28568
events,2026-09-23,production,model_routed,3
events,2026-09-23,production,observatory,26
events,2026-09-23,production,requested,2
events,2026-09-23,production,role_agreement,11
events,2026-09-23,production,role_proposed,22
events,2026-09-23,production,routed,4
events,2026-09-23,production,scored,1
events,2026-09-23,production,shadow_agreement,104
events,2026-09-23,production,shadow_observed,105
events,2026-09-23,production,shadow_proposed,104
events,2026-09-23,production,slow_end,3
events,2026-09-23,production,slow_start,3
events,2026-09-23,production,source,32
events,2026-09-23,production,tool_end,2
events,2026-09-23,production,tool_start,2
events,2026-09-23,production,turn_end,2
events,2026-09-23,production,turn_start,2
events,2026-09-23,test,health,92
events,2026-09-23,test,source,32
events,2026-09-24,production,effort_routed,69
events,2026-09-24,production,fallback,14
events,2026-09-24,production,health,381
events,2026-09-24,production,model_routed,69
events,2026-09-24,production,observatory,3
events,2026-09-24,production,requested,14
events,2026-09-24,production,routed,69
events,2026-09-24,production,slow_end,67
events,2026-09-24,production,slow_start,69
events,2026-09-24,production,source,8
events,2026-09-24,production,tool_end,74
events,2026-09-24,production,tool_start,75
events,2026-09-24,production,turn_start,3
events,2026-09-24,test,effort_routed,9
events,2026-09-24,test,health,154
events,2026-09-24,test,model_routed,9
events,2026-09-24,test,observatory,5
events,2026-09-24,test,routed,9
events,2026-09-24,test,slow_end,9
events,2026-09-24,test,slow_start,9
events,2026-09-24,test,source,46
events,2026-09-24,test,tool_end,5
events,2026-09-24,test,tool_start,5
events,2026-09-24,test,turn_end,6
events,2026-09-24,test,turn_start,6
events,2026-09-25,production,difficulty_judged,96
events,2026-09-25,production,effort_routed,4049
events,2026-09-25,production,health,27338
events,2026-09-25,production,model_routed,4049
events,2026-09-25,production,observatory,77
events,2026-09-25,production,routed,4049
events,2026-09-25,production,slow_end,4048
events,2026-09-25,production,slow_start,4049
events,2026-09-25,production,source,166
events,2026-09-25,production,tool_end,4346
events,2026-09-25,production,tool_start,4354
events,2026-09-25,production,turn_end,85
events,2026-09-25,production,turn_start,97
events,2026-09-25,test,difficulty_judged,201
events,2026-09-25,test,efficiency,11
events,2026-09-25,test,effort_routed,585
events,2026-09-25,test,fallback,3
events,2026-09-25,test,health,4620
events,2026-09-25,test,model_routed,585
events,2026-09-25,test,observatory,207
events,2026-09-25,test,requested,3
events,2026-09-25,test,routed,585
events,2026-09-25,test,shadow_agreement,1
events,2026-09-25,test,shadow_observed,1
events,2026-09-25,test,shadow_proposed,1
events,2026-09-25,test,slow_end,585
events,2026-09-25,test,slow_start,585
events,2026-09-25,test,source,1099
events,2026-09-25,test,tool_end,415
events,2026-09-25,test,tool_start,415
events,2026-09-25,test,turn_end,207
events,2026-09-25,test,turn_start,207
events,2026-09-25,unclassified,source,1
events,2026-09-28,production,cache_refresh,100
events,2026-09-28,production,difficulty_judged,64
events,2026-09-28,production,efficiency,127
events,2026-09-28,production,effort_routed,2575
events,2026-09-28,production,health,18356
events,2026-09-28,production,judge_usage,3
events,2026-09-28,production,model_routed,2575
events,2026-09-28,production,observatory,56
events,2026-09-28,production,routed,2575
events,2026-09-28,production,slow_end,2575
events,2026-09-28,production,slow_start,2575
events,2026-09-28,production,source,128
events,2026-09-28,production,tool_end,2841
events,2026-09-28,production,tool_start,2841
events,2026-09-28,production,turn_end,64
events,2026-09-28,production,turn_start,64
events,2026-09-28,test,health,255
events,2026-09-28,test,source,127
events,2026-09-29,production,cache_refresh,230
events,2026-09-29,production,difficulty_judged,18
events,2026-09-29,production,efficiency,91
events,2026-09-29,production,effort_routed,1225
events,2026-09-29,production,health,20883
events,2026-09-29,production,model_routed,1225
events,2026-09-29,production,observatory,13
events,2026-09-29,production,routed,1225
events,2026-09-29,production,slow_end,1225
events,2026-09-29,production,slow_start,1225
events,2026-09-29,production,source,52
events,2026-09-29,production,tool_end,1266
events,2026-09-29,production,tool_start,1268
events,2026-09-29,production,turn_end,16
events,2026-09-29,production,turn_start,18
events,2026-09-29,test,difficulty_judged,2
events,2026-09-29,test,efficiency,4
events,2026-09-29,test,effort_routed,4
events,2026-09-29,test,health,2387
events,2026-09-29,test,judge_usage,2
events,2026-09-29,test,model_routed,4
events,2026-09-29,test,observatory,5
events,2026-09-29,test,routed,4
events,2026-09-29,test,slow_end,4
events,2026-09-29,test,slow_start,4
events,2026-09-29,test,source,62
events,2026-09-29,test,tool_end,2
events,2026-09-29,test,tool_start,2
events,2026-09-29,test,turn_end,2
events,2026-09-29,test,turn_start,2
events,2026-09-29,unclassified,cua_decided,1
events,2026-09-30,production,cache_refresh,89
events,2026-09-30,production,difficulty_judged,46
events,2026-09-30,production,efficiency,46
events,2026-09-30,production,effort_routed,1315
events,2026-09-30,production,health,28047
events,2026-09-30,production,model_routed,1315
events,2026-09-30,production,observatory,37
events,2026-09-30,production,routed,1315
events,2026-09-30,production,slow_end,1314
events,2026-09-30,production,slow_start,1315
events,2026-09-30,production,source,78
events,2026-09-30,production,tool_end,1835
events,2026-09-30,production,tool_start,1836
events,2026-09-30,production,turn_end,52
events,2026-09-30,production,turn_start,53
events,2026-09-30,production,waste_guard,4
events,2026-09-30,test,difficulty_judged,5
events,2026-09-30,test,efficiency,5
events,2026-09-30,test,effort_routed,5
events,2026-09-30,test,health,32137
events,2026-09-30,test,judge_usage,5
events,2026-09-30,test,model_routed,5
events,2026-09-30,test,observatory,16
events,2026-09-30,test,routed,5
events,2026-09-30,test,slow_end,5
events,2026-09-30,test,slow_start,5
events,2026-09-30,test,source,176
events,2026-09-30,test,turn_end,5
events,2026-09-30,test,turn_start,5
events,2026-10-01,production,cache_refresh,84
events,2026-10-01,production,difficulty_judged,38
events,2026-10-01,production,efficiency,27
events,2026-10-01,production,effort_routed,1416
events,2026-10-01,production,health,13296
events,2026-10-01,production,model_routed,1416
events,2026-10-01,production,observatory,34
events,2026-10-01,production,routed,1416
events,2026-10-01,production,slow_end,1417
events,2026-10-01,production,slow_start,1416
events,2026-10-01,production,source,74
events,2026-10-01,production,tool_end,1466
events,2026-10-01,production,tool_start,1471
events,2026-10-01,production,turn_end,34
events,2026-10-01,production,turn_start,38
events,2026-10-01,production,waste_guard,1
events,2026-10-01,test,difficulty_judged,5
events,2026-10-01,test,effort_routed,5
events,2026-10-01,test,health,205
events,2026-10-01,test,model_routed,5
events,2026-10-01,test,observatory,5
events,2026-10-01,test,routed,5
events,2026-10-01,test,slow_end,5
events,2026-10-01,test,slow_start,5
events,2026-10-01,test,source,94
events,2026-10-01,test,turn_end,5
events,2026-10-01,test,turn_start,5
events,2026-10-02,production,cache_refresh,20
events,2026-10-02,production,difficulty_judged,36
events,2026-10-02,production,efficiency,131
events,2026-10-02,production,effort_routed,629
events,2026-10-02,production,health,13629
events,2026-10-02,production,judge_usage,13
events,2026-10-02,production,model_routed,629
events,2026-10-02,production,observatory,18
events,2026-10-02,production,routed,629
events,2026-10-02,production,slow_end,629
events,2026-10-02,production,slow_start,629
events,2026-10-02,production,source,36
events,2026-10-02,production,tool_end,654
events,2026-10-02,production,tool_start,654
events,2026-10-02,production,turn_end,36
events,2026-10-02,production,turn_start,36
events,2026-10-02,production,waste_guard,1
events,2026-10-02,test,difficulty_judged,3
events,2026-10-02,test,efficiency,6
events,2026-10-02,test,effort_routed,6
events,2026-10-02,test,health,115
events,2026-10-02,test,judge_usage,3
events,2026-10-02,test,model_routed,6
events,2026-10-02,test,observatory,1
events,2026-10-02,test,routed,6
events,2026-10-02,test,slow_end,6
events,2026-10-02,test,slow_start,6
events,2026-10-02,test,source,48
events,2026-10-02,test,tool_end,3
events,2026-10-02,test,tool_start,3
events,2026-10-02,test,turn_end,3
events,2026-10-02,test,turn_start,3
events,2026-10-03,production,health,11512
events,2026-10-04,production,difficulty_judged,1
events,2026-10-04,production,effort_routed,2
events,2026-10-04,production,health,11518
events,2026-10-04,production,model_routed,2
events,2026-10-04,production,routed,2
events,2026-10-04,production,slow_end,2
events,2026-10-04,production,slow_start,2
events,2026-10-04,production,tool_end,1
events,2026-10-04,production,tool_start,1
events,2026-10-04,production,turn_end,1
events,2026-10-04,production,turn_start,1
events,2026-10-05,production,cache_refresh,30
events,2026-10-05,production,difficulty_judged,35
events,2026-10-05,production,efficiency,16
events,2026-10-05,production,effort_routed,811
events,2026-10-05,production,health,11501
events,2026-10-05,production,model_routed,811
events,2026-10-05,production,observatory,20
events,2026-10-05,production,routed,811
events,2026-10-05,production,slow_end,811
events,2026-10-05,production,slow_start,811
events,2026-10-05,production,source,40
events,2026-10-05,production,tool_end,806
events,2026-10-05,production,tool_start,806
events,2026-10-05,production,turn_end,35
events,2026-10-05,production,turn_start,35
events,2026-10-05,production,waste_guard,1
events,2026-10-05,test,health,80
events,2026-10-05,test,source,40
events-eval,2026-09-25,test,cache_refresh,3
events-eval,2026-09-25,test,difficulty_judged,81
events-eval,2026-09-25,test,efficiency,38
events-eval,2026-09-25,test,effort_routed,437
events-eval,2026-09-25,test,health,3907
events-eval,2026-09-25,test,model_routed,437
events-eval,2026-09-25,test,requested,34
events-eval,2026-09-25,test,routed,457
events-eval,2026-09-25,test,scored,34
events-eval,2026-09-25,test,slow_end,436
events-eval,2026-09-25,test,slow_start,437
events-eval,2026-09-25,test,source,388
events-eval,2026-09-25,test,step_decided,168
events-eval,2026-09-25,test,tool_end,463
events-eval,2026-09-25,test,tool_start,469
events-eval,2026-09-25,test,turn_end,73
events-eval,2026-09-25,test,turn_start,81
