slice,match,n,rate,wilson95
all (the 7.1% headline),117,1642,0.071255,"[0.059787, 0.084724]"
scripted-demo backend (synthetic: always the first candidate),0,648,0.0,"[0.0, 0.005893]"
real scorer (non-synthetic),117,994,0.117706,"[0.099129, 0.139227]"
"real scorer, not abstained",117,601,0.194676,"[0.165, 0.228229]"
"real scorer, host used the candidate tool",117,151,0.774834,"[0.701874, 0.834158]"
"real scorer, host used the candidate tool, not abstained",117,140,0.835714,"[0.765536, 0.887962]"
"any scorer, host used another tool (unmatchable by construction)",0,1491,0.0,"[0.0, 0.00257]"
observatory week,117,1641,0.071298,"[0.059823, 0.084775]"
after the week,0,1,0.0,"[0.0, 0.793451]"
jev-default era (>= 09-24),0,1,0.0,"[0.0, 0.793451]"
production traffic,1,633,0.00158,"[0.000279, 0.008894]"
test traffic,113,991,0.114026,"[0.09571, 0.135324]"
eval store (events-eval),0,0,,"[None, None]"
