session_key,host,scenario,rep,effort_changes,n_main,anchor_n_main,cache_write,anchor_cache_write,cost,anchor_cost,cost_ratio,req_ratio,cache_write_ratio,est_rewrite_premium_usd,est_rewrite_premium_usd_low,est_cost_ratio_premium_removed,est_cost_ratio_premium_low_removed
arch-explain-r1-fable-sticky,fable,arch-explain,1,26,100,72,576724.0,274235.0,12.23913,7.318405,1.672377,1.388889,2.103028,5.678316,4.6313,0.896481,1.039548
arch-explain-r1-opus-sticky,opus,arch-explain,1,31,68,52,569932.0,218462.0,5.122844,2.87825,1.779847,1.307692,2.608838,2.212273,1.901835,1.011229,1.119086
arch-explain-r2-fable-sticky,fable,arch-explain,2,31,87,82,558658.0,256182.0,11.581365,8.239768,1.405545,1.060976,2.180707,5.536176,4.466693,0.73366,0.863455
arch-explain-r2-opus-sticky,opus,arch-explain,2,30,70,62,544990.0,229129.0,5.218918,3.225512,1.618012,1.129032,2.378529,2.034304,1.722934,0.987321,1.083854
markdown-tocclass-r1-fable-sticky,fable,markdown-tocclass,1,23,52,56,419599.0,272461.0,7.153391,5.505629,1.299287,0.928571,1.540033,2.557553,2.121451,0.834753,0.913963
markdown-tocclass-r1-opus-sticky,opus,markdown-tocclass,1,24,33,30,291893.0,239633.0,2.259325,1.894093,1.192827,1.1,1.218083,0.528196,0.455807,0.913962,0.95218
markdown-tocclass-r2-fable-sticky,fable,markdown-tocclass,2,22,50,54,418176.0,223942.0,7.134877,5.1161,1.394593,0.925926,1.867341,2.492513,2.158319,0.907403,0.972725
markdown-tocclass-r2-opus-sticky,opus,markdown-tocclass,2,23,39,30,278154.0,188432.0,2.280845,1.661944,1.372396,1.3,1.476151,0.454555,0.376215,1.098888,1.146025
py-forth-r1-fable-sticky,fable,py-forth,1,19,52,50,412265.0,281520.0,7.771316,6.486225,1.198126,1.04,1.464425,2.26054,1.833912,0.849612,0.915387
py-forth-r1-opus-sticky,opus,py-forth,1,17,49,37,442444.0,293882.0,3.725143,2.605886,1.429511,1.324324,1.505516,0.941179,0.776898,1.068337,1.131379
py-forth-r2-fable-sticky,fable,py-forth,2,21,44,49,439089.0,274269.0,7.790272,6.427477,1.212026,0.897959,1.600943,2.70749,2.278961,0.79079,0.857461
py-go-counting-r1-fable-sticky,fable,py-go-counting,1,33,72,50,803692.0,396523.0,13.618587,7.766895,1.753415,1.44,2.026848,7.15009,6.296433,0.832829,0.942739
py-go-counting-r1-opus-sticky,opus,py-go-counting,1,28,49,48,701558.0,388341.0,5.098718,3.416577,1.492347,1.020833,1.806551,2.375331,2.114218,0.79711,0.873535
py-go-counting-r2-fable-sticky,fable,py-go-counting,2,28,55,75,705137.0,484545.0,11.425521,10.796028,1.058308,0.733333,1.455256,5.837098,5.08986,0.517637,0.586851
py-go-counting-r2-opus-sticky,opus,py-go-counting,2,26,53,40,601931.0,366067.0,4.699934,3.074285,1.528789,1.325,1.644319,1.925542,1.686434,0.902451,0.980228
py-poker-r1-fable-sticky,fable,py-poker,1,25,50,51,547879.0,565460.0,9.347548,10.207294,0.915771,0.980392,0.968908,5.816103,4.930231,0.345973,0.432761
py-poker-r1-opus-sticky,opus,py-poker,1,23,43,45,572639.0,264196.0,4.167989,2.782066,1.498163,0.955556,2.167478,2.369725,2.050861,0.646377,0.760991
py-poker-r2-fable-sticky,fable,py-poker,2,27,56,64,520107.0,305447.0,9.409921,7.397923,1.271968,0.875,1.702773,5.421977,4.460323,0.539063,0.669052
py-poker-r2-opus-sticky,opus,py-poker,2,21,50,39,408615.0,256683.0,3.703909,2.503855,1.479283,1.282051,1.591905,1.547893,1.277627,0.861079,0.969018
py-sgf-parsing-r1-fable-sticky,fable,py-sgf-parsing,1,29,81,70,951219.0,367788.0,17.83852,9.063865,1.968092,1.157143,2.586324,10.197103,8.866246,0.843064,0.989895
py-sgf-parsing-r1-opus-sticky,opus,py-sgf-parsing,1,29,63,72,623438.0,340090.0,5.528604,4.863372,1.136784,0.875,1.833156,2.470033,2.045578,0.628899,0.716175
py-sgf-parsing-r2-fable-sticky,fable,py-sgf-parsing,2,29,62,102,627209.0,606630.0,12.227276,15.673074,0.780145,0.607843,1.033923,6.562847,5.432802,0.361411,0.433513
py-sgf-parsing-r2-opus-sticky,opus,py-sgf-parsing,2,27,71,85,634517.0,358977.0,6.432813,5.119752,1.25647,0.835294,1.76757,2.413364,1.960028,0.785087,0.873633
rust-ocr-r2-opus-sticky,opus,rust-ocr,2,26,41,43,366394.0,259847.0,3.173222,2.692953,1.178343,0.953488,1.410037,0.878024,0.695041,0.852298,0.920246
rust-twobucket-r1-fable-sticky,fable,rust-twobucket,1,26,50,53,338632.0,208898.0,6.829641,5.607597,1.217927,0.943396,1.62104,3.248401,2.538805,0.638641,0.765183
rust-twobucket-r1-opus-sticky,opus,rust-twobucket,1,23,34,43,283561.0,184765.0,2.484828,2.211685,1.1235,0.790698,1.534712,1.045227,0.843346,0.650907,0.742186
rust-twobucket-r2-fable-sticky,fable,rust-twobucket,2,28,55,53,386121.0,213083.0,7.878472,5.737011,1.373271,1.037736,1.812069,3.738777,2.905036,0.721577,0.866904
rust-twobucket-r2-opus-sticky,opus,rust-twobucket,2,21,36,31,247870.0,169598.0,2.369775,1.864687,1.27087,1.16129,1.461515,0.857941,0.650369,0.810771,0.922088
sortedc-update-r1-fable-sticky,fable,sortedc-update,1,27,52,64,147046.0,90299.0,4.178189,4.294539,0.972907,0.8125,1.628434,0.901533,0.514304,0.762982,0.85315
sortedc-update-r1-opus-sticky,opus,sortedc-update,1,27,40,41,151807.0,115759.0,1.878554,1.658975,1.132358,0.97561,1.311406,0.377744,0.233983,0.904661,0.991318
sortedc-update-r2-fable-sticky,fable,sortedc-update,2,25,52,57,157823.0,84715.0,4.391902,3.858837,1.138141,0.912281,1.862988,1.034438,0.608286,0.870071,0.980507
sortedc-update-r2-opus-sticky,opus,sortedc-update,2,28,46,41,163657.0,74548.0,2.150359,1.508457,1.425535,1.121951,2.195324,0.413696,0.250119,1.151285,1.259724
