host,split,policy,n_units,n_scenarios,route_share,mean_cost_usd,usd_per_1000_sessions,total_cost_ratio,gm_cost_ratio,gm_cost_ratio_ci95,d_turn_pass,d_turn_pass_ci95,d_final_pass,mean_wall_min,regret_usd_per_1000_vs_oracle_xfit
fable,train,always_host,94,47,0.0,5.404678,5404.678234,1.0,1.0,"[1.0, 1.0]",0.0,"[0.0, 0.0]",0.0,9.031644,2037.000867
fable,train,always_route,94,47,1.0,2.739479,2739.478611,0.506872,0.497396,"[0.468895, 0.529049]",-0.028917,"[-0.074353, 0.009316]",-0.06383,5.890802,-628.198755
fable,train,jev_recorded,94,47,0.851064,3.25325,3253.250479,0.601932,0.552909,"[0.507578, 0.604304]",-0.028917,"[-0.074353, 0.009316]",-0.06383,6.366509,-114.426888
fable,train,shipped_jev_price_gate,94,47,0.851064,3.25325,3253.250479,0.601932,0.552909,"[0.507578, 0.604304]",-0.028917,"[-0.074353, 0.009316]",-0.06383,6.366509,-114.426888
fable,train,oracle_xfit,94,47,0.797872,3.367677,3367.677367,0.623104,0.582955,"[0.533508, 0.639223]",0.010246,"[-0.00443, 0.030068]",-0.021277,6.598294,0.0
fable,train,oracle_cost_only_xfit,94,47,0.989362,2.75254,2752.539686,0.509288,0.499788,"[0.469952, 0.533686]",-0.028917,"[-0.074353, 0.009316]",-0.06383,5.918739,-615.137681
fable,train,oracle_in_sample,94,47,0.797872,3.353454,3353.454399,0.620473,0.580908,"[0.53246, 0.635147]",0.017288,"[0.004453, 0.036086]",0.0,6.593176,-14.222968
fable,train,rule_R*,94,47,0.978723,2.808933,2808.933041,0.519723,0.507585,"[0.476715, 0.542943]",-0.028917,"[-0.074353, 0.009316]",-0.06383,5.987045,-558.744325
fable,train,rule_first_objective,94,47,0.702128,3.341241,3341.241289,0.618213,0.58415,"[0.526062, 0.65138]",-0.015398,"[-0.046249, 0.01275]",-0.06383,6.942963,-26.436078
fable,train,always_route_scope_gate,94,47,0.978723,2.808933,2808.933041,0.519723,0.507585,"[0.476715, 0.542943]",-0.028917,"[-0.074353, 0.009316]",-0.06383,5.987045,-558.744325
fable,test,always_host,46,23,0.0,5.120764,5120.764065,1.0,1.0,"[1.0, 1.0]",0.0,"[0.0, 0.0]",0.0,8.364896,2056.484721
fable,test,always_route,46,23,1.0,2.594618,2594.61841,0.506686,0.513029,"[0.471487, 0.561431]",0.001526,"[-0.037954, 0.044373]",0.0,5.273551,-469.660935
fable,test,jev_recorded,46,23,0.956522,2.809973,2809.972674,0.548741,0.530038,"[0.48045, 0.588961]",0.001526,"[-0.037954, 0.044373]",0.0,5.388851,-254.306671
fable,test,shipped_jev_price_gate,46,23,0.956522,2.809973,2809.972674,0.548741,0.530038,"[0.48045, 0.588961]",0.001526,"[-0.037954, 0.044373]",0.0,5.388851,-254.306671
fable,test,oracle_xfit,46,23,0.826087,3.064279,3064.279345,0.598403,0.584242,"[0.526561, 0.653251]",0.014087,"[-0.019384, 0.052991]",0.0,5.837932,0.0
fable,test,oracle_cost_only_xfit,46,23,1.0,2.594618,2594.61841,0.506686,0.513029,"[0.471487, 0.561431]",0.001526,"[-0.037954, 0.044373]",0.0,5.273551,-469.660935
fable,test,oracle_in_sample,46,23,0.826087,3.0829,3082.900171,0.602039,0.589462,"[0.530349, 0.659122]",0.03288,"[0.007065, 0.067935]",0.0,5.946249,18.620826
fable,test,rule_R*,46,23,1.0,2.594618,2594.61841,0.506686,0.513029,"[0.471487, 0.561431]",0.001526,"[-0.037954, 0.044373]",0.0,5.273551,-469.660935
fable,test,rule_first_objective,46,23,0.608696,3.325687,3325.687345,0.649451,0.628036,"[0.537494, 0.737662]",-0.012061,"[-0.043143, 0.018434]",0.0,6.49796,261.408
fable,test,always_route_scope_gate,46,23,1.0,2.594618,2594.61841,0.506686,0.513029,"[0.471487, 0.561431]",0.001526,"[-0.037954, 0.044373]",0.0,5.273551,-469.660935
fable,all,always_host,140,70,0.0,5.311392,5311.39215,1.0,1.0,"[1.0, 1.0]",0.0,"[0.0, 0.0]",0.0,8.81257,2043.402705
fable,all,always_route,140,70,1.0,2.691882,2691.881688,0.506813,0.502479,"[0.478802, 0.528683]",-0.018915,"[-0.052319, 0.010335]",-0.042857,5.687991,-576.107757
fable,all,jev_recorded,140,70,0.885714,3.107602,3107.602057,0.585082,0.545288,"[0.509968, 0.584515]",-0.018915,"[-0.052319, 0.010335]",-0.042857,6.045278,-160.387388
fable,all,shipped_jev_price_gate,140,70,0.885714,3.107602,3107.602057,0.585082,0.545288,"[0.509968, 0.584515]",-0.018915,"[-0.052319, 0.010335]",-0.042857,6.045278,-160.387388
fable,all,oracle_xfit,140,70,0.807143,3.267989,3267.989445,0.615279,0.583378,"[0.544494, 0.626627]",0.011508,"[-0.004168, 0.029646]",-0.014286,6.348461,0.0
fable,all,oracle_cost_only_xfit,140,70,0.992857,2.700651,2700.651267,0.508464,0.5041,"[0.479478, 0.531667]",-0.018915,"[-0.052319, 0.010335]",-0.042857,5.706749,-567.338179
fable,all,oracle_in_sample,140,70,0.807143,3.264558,3264.558009,0.614633,0.583705,"[0.54481, 0.626889]",0.022411,"[0.009478, 0.038456]",0.0,6.380614,-3.431436
fable,all,rule_R*,140,70,0.985714,2.738515,2738.515377,0.515593,0.509367,"[0.483842, 0.537637]",-0.018915,"[-0.052319, 0.010335]",-0.042857,5.752611,-529.474068
fable,all,rule_first_objective,140,70,0.671429,3.336131,3336.130707,0.628109,0.59822,"[0.548066, 0.654353]",-0.014301,"[-0.037146, 0.007299]",-0.042857,6.796748,68.141262
fable,all,always_route_scope_gate,140,70,0.985714,2.738515,2738.515377,0.515593,0.509367,"[0.483842, 0.537637]",-0.018915,"[-0.052319, 0.010335]",-0.042857,5.752611,-529.474068
opus,train,always_host,94,47,0.0,2.167602,2167.601681,1.0,1.0,"[1.0, 1.0]",0.0,"[0.0, 0.0]",0.0,4.932604,-0.614917
opus,train,always_route,94,47,1.0,2.686649,2686.648918,1.239457,1.195587,"[1.108587, 1.294103]",-0.002363,"[-0.034807, 0.026958]",-0.010638,5.702733,518.43232
opus,train,jev_recorded,94,47,0.861702,2.53767,2537.669649,1.170727,1.150559,"[1.072104, 1.241965]",-0.008923,"[-0.038888, 0.017919]",-0.021277,5.313883,369.453051
opus,train,shipped_jev_price_gate,94,47,0.0,2.16762,2167.619681,1.000008,1.00001,"[1.000009, 1.000011]",0.0,"[0.0, 0.0]",0.0,4.932604,-0.596917
opus,train,oracle_xfit,94,47,0.234043,2.168217,2168.216598,1.000284,0.991816,"[0.970387, 1.014096]",0.005015,"[-0.002482, 0.013564]",-0.021277,4.926526,0.0
opus,train,oracle_cost_only_xfit,94,47,0.319149,2.154131,2154.130587,0.993785,0.984675,"[0.95925, 1.010042]",-0.002837,"[-0.018099, 0.009906]",-0.021277,4.880568,-14.086011
opus,train,oracle_in_sample,94,47,0.234043,2.105037,2105.037089,0.971136,0.968535,"[0.951487, 0.983711]",0.010819,"[0.004296, 0.018612]",0.010638,4.785075,-63.179508
opus,train,rule_R*,94,47,0.978723,2.680936,2680.936412,1.236822,1.191962,"[1.104789, 1.290333]",-0.002363,"[-0.034807, 0.026958]",-0.010638,5.687924,512.719814
opus,train,rule_first_objective,94,47,0.702128,2.370413,2370.412787,1.093565,1.048034,"[0.998176, 1.103672]",0.007832,"[-0.016558, 0.032296]",-0.010638,5.338055,202.19619
opus,train,always_route_scope_gate,94,47,0.978723,2.680936,2680.936412,1.236822,1.191962,"[1.104789, 1.290333]",-0.002363,"[-0.034807, 0.026958]",-0.010638,5.687924,512.719814
opus,test,always_host,46,23,0.0,2.039223,2039.22313,1.0,1.0,"[1.0, 1.0]",0.0,"[0.0, 0.0]",0.0,4.977634,5.193478
opus,test,always_route,46,23,1.0,2.484758,2484.75822,1.218483,1.199906,"[1.086035, 1.323518]",-0.010203,"[-0.050689, 0.029078]",0.0,5.319378,450.728568
opus,test,jev_recorded,46,23,0.934783,2.416676,2416.675587,1.185096,1.177081,"[1.066632, 1.299702]",-0.010203,"[-0.050689, 0.029078]",0.0,5.132448,382.645935
opus,test,shipped_jev_price_gate,46,23,0.0,2.039241,2039.24113,1.000009,1.00001,"[1.000009, 1.000011]",0.0,"[0.0, 0.0]",0.0,4.977634,5.211478
opus,test,oracle_xfit,46,23,0.195652,2.03403,2034.029652,0.997453,0.990658,"[0.968308, 1.010389]",-0.009058,"[-0.037289, 0.009511]",-0.021739,4.862915,0.0
opus,test,oracle_cost_only_xfit,46,23,0.282609,2.019712,2019.711652,0.990432,0.98205,"[0.954021, 1.007016]",-0.016304,"[-0.048309, 0.006793]",-0.021739,4.756758,-14.318
opus,test,oracle_in_sample,46,23,0.195652,2.001041,2001.040957,0.981276,0.980892,"[0.963915, 0.994323]",0.005435,"[0.0, 0.012228]",0.0,4.770889,-32.988696
opus,test,rule_R*,46,23,1.0,2.484758,2484.75822,1.218483,1.199906,"[1.086035, 1.323518]",-0.010203,"[-0.050689, 0.029078]",0.0,5.319378,450.728568
opus,test,rule_first_objective,46,23,0.608696,2.181326,2181.32641,1.069685,1.035524,"[0.977857, 1.101014]",-0.008995,"[-0.032486, 0.013258]",0.021739,4.921143,147.296758
opus,test,always_route_scope_gate,46,23,1.0,2.484758,2484.75822,1.218483,1.199906,"[1.086035, 1.323518]",-0.010203,"[-0.050689, 0.029078]",0.0,5.319378,450.728568
opus,all,always_host,140,70,0.0,2.12542,2125.420157,1.0,1.0,"[1.0, 1.0]",0.0,"[0.0, 0.0]",0.0,4.947399,1.293556
opus,all,always_route,140,70,1.0,2.620313,2620.313403,1.232845,1.197004,"[1.124877, 1.272846]",-0.004939,"[-0.029501, 0.018741]",-0.007143,5.576773,496.186802
opus,all,jev_recorded,140,70,0.885714,2.497914,2497.914457,1.175257,1.159207,"[1.091791, 1.232321]",-0.009344,"[-0.032684, 0.013199]",-0.014286,5.254268,373.787856
opus,all,shipped_jev_price_gate,140,70,0.0,2.125438,2125.438157,1.000008,1.00001,"[1.000009, 1.000011]",0.0,"[0.0, 0.0]",0.0,4.947399,1.311556
opus,all,oracle_xfit,140,70,0.221429,2.124127,2124.126601,0.999391,0.991436,"[0.974577, 1.007569]",0.000391,"[-0.010526, 0.009205]",-0.021429,4.905625,0.0
opus,all,oracle_cost_only_xfit,140,70,0.307143,2.109964,2109.964366,0.992728,0.983812,"[0.964066, 1.002608]",-0.007262,"[-0.021578, 0.004941]",-0.021429,4.839888,-14.162236
opus,all,oracle_in_sample,140,70,0.221429,2.070867,2070.866931,0.974333,0.972577,"[0.959563, 0.984016]",0.00905,"[0.00427, 0.01475]",0.007143,4.780414,-53.25967
opus,all,rule_R*,140,70,0.985714,2.616478,2616.477863,1.23104,1.194566,"[1.122461, 1.270756]",-0.004939,"[-0.029501, 0.018741]",-0.007143,5.56683,492.351262
opus,all,rule_first_objective,140,70,0.671429,2.308284,2308.284406,1.086037,1.043907,"[1.004936, 1.085202]",0.002303,"[-0.015398, 0.020079]",0.0,5.20107,184.157805
opus,all,always_route_scope_gate,140,70,0.985714,2.616478,2616.477863,1.23104,1.194566,"[1.122461, 1.270756]",-0.004939,"[-0.029501, 0.018741]",-0.007143,5.56683,492.351262
