host,scenario,rep,split,task_type,cost_host,tp_host,final_host,wall_host_min,cost_cheap,tp_cheap,final_cheap,wall_cheap_min,cheap_source,jev,turn1_prompt_chars,workspace_files,intent,d_always_host,d_always_route,d_jev_recorded,d_shipped_jev_price_gate,d_oracle_xfit,d_oracle_cost_only_xfit,d_oracle_in_sample,d_rule_R*,d_rule_first_objective,d_always_route_scope_gate
fable,api-docs,1,test,mixed,8.206572,0.9375,True,10.093569,3.889316,1.0,True,6.800199,sticky_cheap,cheap,132,5,question,host,cheap,cheap,cheap,cheap,cheap,cheap,cheap,cheap,cheap
fable,api-docs,2,test,mixed,7.316294,0.9375,True,9.924629,3.53487,1.0,True,6.494321,sticky_cheap,cheap,132,5,question,host,cheap,cheap,cheap,cheap,cheap,cheap,cheap,cheap,cheap
fable,arch-explain,1,train,mixed,7.318405,1.0,True,15.285284,3.759225,1.0,True,9.022987,sonnet_x0.821,host,132,10,question,host,cheap,host,host,cheap,cheap,cheap,cheap,cheap,cheap
fable,arch-explain,2,train,mixed,8.239768,1.0,True,14.765567,2.736909,1.0,True,7.446562,sonnet_x0.821,host,132,10,question,host,cheap,host,host,cheap,cheap,cheap,cheap,cheap,cheap
fable,boltons-tableutils,1,train,bugfix,2.639364,0.5,True,5.110494,1.659436,0.5,True,3.677044,sticky_cheap,cheap,458,111,fix,host,cheap,cheap,cheap,cheap,cheap,cheap,cheap,host,cheap
fable,boltons-tableutils,2,train,bugfix,3.545819,0.5,True,7.689115,1.990978,0.5,True,4.643659,sticky_cheap,cheap,458,111,fix,host,cheap,cheap,cheap,cheap,cheap,cheap,cheap,host,cheap
fable,cachetools-params,1,train,feature,5.291147,1.0,True,9.550336,2.175273,1.0,True,5.597817,sticky_cheap,cheap,600,33,implement,host,cheap,cheap,cheap,cheap,cheap,cheap,cheap,host,cheap
fable,cachetools-params,2,train,feature,4.940383,1.0,True,8.180196,2.795781,1.0,True,5.147035,sticky_cheap,cheap,600,33,implement,host,cheap,cheap,cheap,cheap,cheap,cheap,cheap,host,cheap
fable,changelog-gen,1,train,mixed,2.912306,1.0,True,6.354566,2.020343,1.0,True,4.561437,sticky_cheap,cheap,184,4,question,host,cheap,cheap,cheap,cheap,cheap,cheap,cheap,cheap,cheap
fable,changelog-gen,2,train,mixed,2.937639,1.0,True,10.583432,1.748966,1.0,True,3.525806,sticky_cheap,cheap,184,4,question,host,cheap,cheap,cheap,cheap,cheap,cheap,cheap,cheap,cheap
fable,commander-docs,1,train,docs,4.825067,1.0,True,6.35031,2.066473,1.0,True,4.120212,sticky_cheap,cheap,135,220,question,host,cheap,cheap,cheap,host,cheap,cheap,cheap,cheap,cheap
fable,commander-docs,2,train,docs,4.913333,0.923077,True,8.54593,2.131846,0.846154,True,4.182501,sticky_cheap,cheap,135,220,question,host,cheap,cheap,cheap,cheap,cheap,host,cheap,cheap,cheap
fable,config-matrix,1,train,mixed,3.035485,1.0,True,4.918051,1.307538,0.916667,False,2.410664,sticky_cheap,cheap,80,6,question,host,cheap,cheap,cheap,host,cheap,host,cheap,cheap,cheap
fable,config-matrix,2,train,mixed,2.855859,1.0,True,4.394743,1.250052,0.833333,False,2.631111,sticky_cheap,cheap,80,6,question,host,cheap,cheap,cheap,host,cheap,host,cheap,cheap,cheap
fable,debug-triage,1,test,mixed,5.892372,0.909091,True,10.154976,2.263422,0.909091,True,4.455545,sticky_cheap,cheap,128,16,question,host,cheap,cheap,cheap,host,cheap,cheap,cheap,cheap,cheap
fable,debug-triage,2,test,mixed,6.376907,0.909091,True,10.536438,2.124286,0.818182,True,4.110213,sticky_cheap,cheap,128,16,question,host,cheap,cheap,cheap,cheap,cheap,host,cheap,cheap,cheap
fable,deps-audit,1,train,mixed,2.399635,1.0,True,3.020578,1.167412,1.0,True,2.411161,sticky_cheap,cheap,161,5,question,host,cheap,cheap,cheap,cheap,cheap,cheap,cheap,cheap,cheap
fable,deps-audit,2,train,mixed,2.39712,1.0,True,2.872772,1.142553,1.0,True,2.307237,sticky_cheap,cheap,161,5,question,host,cheap,cheap,cheap,cheap,cheap,cheap,cheap,cheap,cheap
fable,discrepancy-docs,1,test,mixed,6.380546,0.9375,True,8.296495,2.731185,1.0,True,4.519197,sticky_cheap,cheap,127,9,question,host,cheap,cheap,cheap,cheap,cheap,cheap,cheap,cheap,cheap
fable,discrepancy-docs,2,test,mixed,6.010759,1.0,True,6.706351,2.796978,1.0,True,4.454493,sticky_cheap,cheap,127,9,question,host,cheap,cheap,cheap,cheap,cheap,cheap,cheap,cheap,cheap
fable,docstring-audit,1,test,mixed,3.631846,0.916667,True,4.961674,1.886699,0.916667,True,3.909164,sticky_cheap,cheap,98,4,question,host,cheap,cheap,cheap,cheap,cheap,cheap,cheap,cheap,cheap
fable,docstring-audit,2,test,mixed,3.551976,0.916667,True,5.642818,2.017107,0.916667,True,3.952348,sticky_cheap,cheap,98,4,question,host,cheap,cheap,cheap,cheap,cheap,cheap,cheap,cheap,cheap
fable,expense-anomaly,1,train,mixed,5.347608,1.0,True,6.421575,2.408448,1.0,True,3.931629,sticky_cheap,cheap,198,4,question,host,cheap,cheap,cheap,cheap,cheap,cheap,cheap,cheap,cheap
fable,expense-anomaly,2,train,mixed,6.323859,1.0,True,5.533118,2.780068,1.0,True,4.313353,sticky_cheap,cheap,198,4,question,host,cheap,cheap,cheap,cheap,cheap,cheap,cheap,cheap,cheap
fable,fastrand-explain,1,test,explain,4.006493,1.0,True,4.953445,1.87829,0.777778,True,3.338787,sticky_cheap,cheap,162,14,implement,host,cheap,cheap,cheap,host,cheap,host,cheap,cheap,cheap
fable,fastrand-explain,2,test,explain,4.960984,1.0,True,7.427349,1.750823,0.777778,True,3.102874,sticky_cheap,cheap,162,14,implement,host,cheap,cheap,cheap,host,cheap,host,cheap,cheap,cheap
fable,fatihcolor-docs,1,train,docs,3.543485,0.875,True,5.412119,1.776656,0.875,True,3.314049,sticky_cheap,cheap,129,10,question,host,cheap,cheap,cheap,host,cheap,cheap,cheap,cheap,cheap
fable,fatihcolor-docs,2,train,docs,3.940023,1.0,True,5.649955,1.620294,0.875,True,2.913514,sticky_cheap,cheap,129,10,question,host,cheap,cheap,cheap,cheap,cheap,host,cheap,cheap,cheap
fable,fd-cli-docs,1,train,docs,6.847545,0.9375,True,8.21768,3.1917,0.875,False,4.889448,sticky_cheap,cheap,173,60,question,host,cheap,cheap,cheap,cheap,cheap,host,cheap,cheap,cheap
fable,fd-cli-docs,2,train,docs,7.116538,0.9375,True,9.029777,3.152188,0.9375,True,4.905647,sticky_cheap,cheap,173,60,question,host,cheap,cheap,cheap,host,cheap,cheap,cheap,cheap,cheap
fable,filelock-explain,1,test,explain,4.020728,1.0,True,6.818559,1.486909,0.888889,True,2.765958,sticky_cheap,cheap,239,110,question,host,cheap,cheap,cheap,cheap,cheap,host,cheap,cheap,cheap
fable,filelock-explain,2,test,explain,3.105154,1.0,True,4.166998,1.545358,1.0,True,2.879706,sticky_cheap,cheap,239,110,question,host,cheap,cheap,cheap,host,cheap,cheap,cheap,cheap,cheap
fable,go-dominoes,1,train,bugfix,9.64632,1.0,True,24.148845,4.785384,0.846154,False,24.442683,sticky_cheap,cheap,196,6,implement,host,cheap,cheap,cheap,cheap,cheap,host,cheap,cheap,cheap
fable,go-dominoes,2,train,bugfix,10.055558,0.923077,True,15.133981,5.127017,1.0,True,13.420377,sticky_cheap,cheap,196,6,implement,host,cheap,cheap,cheap,host,cheap,cheap,cheap,cheap,cheap
fable,go-linkedlist,1,test,mixed,9.711338,0.9375,True,10.798538,4.495244,1.0,True,6.52034,sticky_cheap,cheap,226,9,implement,host,cheap,cheap,cheap,cheap,cheap,cheap,cheap,cheap,cheap
fable,go-linkedlist,2,test,mixed,10.578639,1.0,True,12.805194,4.951057,1.0,True,6.435909,sticky_cheap,cheap,226,9,implement,host,cheap,cheap,cheap,cheap,cheap,cheap,cheap,cheap,cheap
fable,go-protein,1,test,feature,2.882139,1.0,True,4.410799,1.407906,1.0,True,2.495498,sticky_cheap,cheap,209,13,implement,host,cheap,cheap,cheap,cheap,cheap,cheap,cheap,cheap,cheap
fable,go-protein,2,test,feature,3.169251,1.0,True,4.646772,1.511882,1.0,True,2.676242,sticky_cheap,cheap,209,13,implement,host,cheap,cheap,cheap,cheap,cheap,cheap,cheap,cheap,cheap
fable,go-say,1,train,feature,8.715147,0.363636,False,12.334875,3.779249,0.727273,False,9.192908,sticky_cheap,cheap,158,5,implement,host,cheap,cheap,cheap,cheap,cheap,cheap,cheap,cheap,cheap
fable,go-say,2,train,feature,10.200969,0.363636,False,14.148376,4.185531,0.727273,False,10.882506,sticky_cheap,cheap,158,5,implement,host,cheap,cheap,cheap,cheap,cheap,cheap,cheap,cheap,cheap
fable,go-vlq,1,train,feature,6.680443,1.0,True,10.502787,3.787652,1.0,True,6.850135,sticky_cheap,cheap,174,5,implement,host,cheap,cheap,cheap,cheap,cheap,cheap,cheap,cheap,cheap
fable,go-vlq,2,train,feature,8.068018,1.0,True,11.104646,2.803169,1.0,True,4.680727,sticky_cheap,cheap,174,5,implement,host,cheap,cheap,cheap,cheap,cheap,cheap,cheap,cheap,cheap
fable,gohumanize-review,1,train,review,6.343828,1.0,True,8.318607,2.791547,0.833333,True,5.164964,sticky_cheap,cheap,176,41,question,host,cheap,cheap,cheap,host,cheap,host,cheap,cheap,cheap
fable,gohumanize-review,2,train,review,6.659445,1.0,True,9.574352,2.804672,0.833333,True,5.048312,sticky_cheap,cheap,176,41,question,host,cheap,cheap,cheap,host,cheap,host,cheap,cheap,cheap
fable,hr-salary-qa,1,train,mixed,5.085733,1.0,True,7.258926,2.361318,1.0,True,4.095949,sticky_cheap,cheap,232,3,question,host,cheap,cheap,cheap,cheap,cheap,cheap,cheap,cheap,cheap
fable,hr-salary-qa,2,train,mixed,4.660394,1.0,True,6.786573,2.244394,1.0,True,3.731698,sticky_cheap,cheap,232,3,question,host,cheap,cheap,cheap,cheap,cheap,cheap,cheap,cheap,cheap
fable,humanize-review,1,test,review,6.878618,1.0,True,10.850284,2.973508,0.75,True,5.509386,sticky_cheap,cheap,158,92,question,host,cheap,cheap,cheap,host,cheap,host,cheap,cheap,cheap
fable,humanize-review,2,test,review,6.351746,1.0,True,11.601876,3.787224,0.916667,True,7.354628,sticky_cheap,cheap,158,92,question,host,cheap,cheap,cheap,host,cheap,host,cheap,cheap,cheap
fable,jmespath-strcmp,1,train,bugfix,3.495476,0.888889,True,7.898757,1.597906,0.888889,True,3.521467,sticky_cheap,cheap,435,72,fix,host,cheap,cheap,cheap,cheap,cheap,cheap,cheap,host,cheap
fable,jmespath-strcmp,2,train,bugfix,2.604492,0.888889,True,6.897558,1.413445,0.888889,True,3.25472,sticky_cheap,cheap,435,72,fix,host,cheap,cheap,cheap,cheap,cheap,cheap,cheap,host,cheap
fable,js-listops,1,test,feature,3.544102,1.0,True,6.347632,1.905942,1.0,True,3.972096,sticky_cheap,cheap,347,9,implement,host,cheap,cheap,cheap,cheap,cheap,cheap,cheap,host,cheap
fable,js-listops,2,test,feature,3.952947,1.0,True,7.073928,1.851599,1.0,True,3.941039,sticky_cheap,cheap,347,9,implement,host,cheap,cheap,cheap,cheap,cheap,cheap,cheap,host,cheap
fable,js-phone,1,test,bugfix,3.776468,1.0,True,6.618565,1.912744,1.0,True,4.17425,sticky_cheap,cheap,253,8,implement,host,cheap,cheap,cheap,cheap,cheap,cheap,cheap,host,cheap
fable,js-phone,2,test,bugfix,3.119596,1.0,True,5.598937,1.850681,1.0,True,3.916455,sticky_cheap,cheap,253,8,implement,host,cheap,cheap,cheap,cheap,cheap,cheap,cheap,host,cheap
fable,js-rationals,1,train,feature,7.898337,1.0,True,9.588198,3.421011,0.25,True,5.116765,sticky_cheap,cheap,263,8,implement,host,cheap,cheap,cheap,host,cheap,host,cheap,host,cheap
fable,js-rationals,2,train,feature,7.184288,1.0,True,9.47631,3.438852,0.25,True,5.616158,sticky_cheap,cheap,263,8,implement,host,cheap,cheap,cheap,host,cheap,host,cheap,host,cheap
fable,js-tournament,1,train,mixed,9.680438,1.0,True,15.706566,4.247668,1.0,True,7.727531,sticky_cheap,cheap,248,8,implement,host,cheap,cheap,cheap,cheap,cheap,cheap,cheap,host,cheap
fable,js-tournament,2,train,mixed,9.213852,0.9375,True,15.774941,4.821651,1.0,True,8.90941,sticky_cheap,cheap,248,8,implement,host,cheap,cheap,cheap,cheap,cheap,cheap,cheap,host,cheap
fable,kac-docs,1,train,docs,3.779854,0.928571,True,8.572436,1.964736,0.928571,True,4.514688,sticky_cheap,cheap,157,189,question,host,cheap,cheap,cheap,cheap,cheap,cheap,cheap,cheap,cheap
fable,kac-docs,2,train,docs,3.895046,0.928571,True,7.664121,2.033086,0.928571,True,4.260327,sticky_cheap,cheap,157,189,question,host,cheap,cheap,cheap,cheap,cheap,cheap,cheap,cheap,cheap
fable,lark-discard,1,test,bugfix,3.260121,1.0,True,7.731607,2.856493,1.0,True,6.145245,sticky_cheap,cheap,717,189,fix,host,cheap,cheap,cheap,cheap,cheap,cheap,cheap,host,cheap
fable,lark-discard,2,test,bugfix,5.284463,1.0,True,12.708558,2.373656,1.0,True,6.028243,sticky_cheap,cheap,717,189,fix,host,cheap,cheap,cheap,cheap,cheap,cheap,cheap,host,cheap
fable,lark-template,1,test,bugfix,4.375261,0.875,True,6.442847,2.853243,0.875,True,5.883483,sticky_cheap,cheap,680,189,fix,host,cheap,cheap,cheap,cheap,cheap,cheap,cheap,host,cheap
fable,lark-template,2,test,bugfix,5.093745,0.875,True,8.893118,2.948786,0.875,True,5.773829,sticky_cheap,cheap,680,189,fix,host,cheap,cheap,cheap,cheap,cheap,cheap,cheap,host,cheap
fable,log-incident,1,train,mixed,3.316831,0.875,True,4.421737,1.316517,1.0,True,2.273382,sticky_cheap,cheap,130,2,question,host,cheap,cheap,cheap,cheap,cheap,cheap,cheap,cheap,cheap
fable,log-incident,2,train,mixed,3.249516,1.0,True,3.61784,1.275921,1.0,True,2.125232,sticky_cheap,cheap,130,2,question,host,cheap,cheap,cheap,cheap,cheap,cheap,cheap,cheap,cheap
fable,markdown-tocclass,1,train,feature,5.505629,0.9,True,7.505115,2.028042,0.9,True,3.3847,sonnet_x0.821,host,535,494,fix,host,cheap,host,host,cheap,cheap,cheap,host,host,host
fable,markdown-tocclass,2,train,feature,5.1161,0.9,True,9.158757,2.06497,0.9,True,4.232299,sonnet_x0.821,host,535,494,fix,host,cheap,host,host,cheap,cheap,cheap,host,host,host
fable,meeting-notes,1,train,mixed,3.306893,1.0,True,2.391437,1.255566,1.0,True,1.692592,sticky_cheap,cheap,106,2,question,host,cheap,cheap,cheap,cheap,cheap,cheap,cheap,cheap,cheap
fable,meeting-notes,2,train,mixed,3.08016,1.0,True,2.93173,1.253691,1.0,True,1.974022,sticky_cheap,cheap,106,2,question,host,cheap,cheap,cheap,cheap,cheap,cheap,cheap,cheap,cheap
fable,migration-plan,1,train,mixed,5.977718,0.916667,True,8.708985,3.566137,0.916667,True,6.295515,sticky_cheap,cheap,147,6,question,host,cheap,cheap,cheap,host,cheap,cheap,cheap,cheap,cheap
fable,migration-plan,2,train,mixed,5.436358,1.0,True,8.430935,3.170234,0.916667,True,5.78385,sticky_cheap,cheap,147,6,question,host,cheap,cheap,cheap,cheap,cheap,host,cheap,cheap,cheap
fable,mistune-escape,1,test,bugfix,3.101105,1.0,True,18.430177,2.845093,1.0,True,17.093028,sticky_cheap,cheap,640,142,fix,host,cheap,cheap,cheap,cheap,cheap,cheap,cheap,host,cheap
fable,mistune-escape,2,test,bugfix,2.778055,1.0,True,6.385038,2.108294,1.0,True,4.27936,sticky_cheap,cheap,640,142,fix,host,cheap,cheap,cheap,cheap,cheap,cheap,cheap,host,cheap
fable,moreit-chunked,1,train,bugfix,3.986969,1.0,True,9.516326,2.835591,1.0,True,6.109622,sticky_cheap,cheap,536,39,fix,host,cheap,cheap,cheap,cheap,cheap,cheap,cheap,host,cheap
fable,moreit-chunked,2,train,bugfix,2.764653,1.0,True,7.59845,1.83127,1.0,True,4.743115,sticky_cheap,cheap,536,39,fix,host,cheap,cheap,cheap,cheap,cheap,cheap,cheap,host,cheap
fable,ms-review,1,train,review,4.839103,0.875,True,6.636248,2.096369,0.625,False,3.635689,sticky_cheap,cheap,157,25,question,host,cheap,cheap,cheap,host,cheap,host,cheap,cheap,cheap
fable,ms-review,2,train,review,4.927302,1.0,True,6.010581,1.917986,0.875,False,3.563295,sticky_cheap,cheap,157,25,question,host,cheap,cheap,cheap,host,cheap,host,cheap,cheap,cheap
fable,nanoid-explain,1,train,explain,3.647325,0.9,True,6.09012,1.388817,0.8,True,3.085934,sticky_cheap,cheap,128,49,question,host,cheap,cheap,cheap,host,cheap,host,cheap,cheap,cheap
fable,nanoid-explain,2,train,explain,3.759448,1.0,True,6.6726,1.561407,0.8,True,3.216832,sticky_cheap,cheap,128,49,question,host,cheap,cheap,cheap,host,cheap,host,cheap,cheap,cheap
fable,okr-status,1,train,mixed,3.610235,0.916667,True,4.826108,1.53015,0.916667,True,2.72468,sticky_cheap,cheap,147,9,question,host,cheap,cheap,cheap,cheap,cheap,cheap,cheap,cheap,cheap
fable,okr-status,2,train,mixed,3.764851,0.916667,True,5.05835,1.448424,1.0,True,2.465859,sticky_cheap,cheap,147,9,question,host,cheap,cheap,cheap,cheap,cheap,cheap,cheap,cheap,cheap
fable,pathspec-matchfile,1,train,bugfix,4.016613,1.0,True,9.519824,2.89155,1.0,True,5.819316,sticky_cheap,cheap,477,39,fix,host,cheap,cheap,cheap,cheap,cheap,cheap,cheap,host,cheap
fable,pathspec-matchfile,2,train,bugfix,4.248541,1.0,True,9.221744,2.564489,1.0,True,4.39533,sticky_cheap,cheap,477,39,fix,host,cheap,cheap,cheap,cheap,cheap,cheap,cheap,host,cheap
fable,pflag-mixed,1,train,mixed,7.445996,0.866667,True,10.876735,2.677657,1.0,True,4.98907,sticky_cheap,cheap,118,90,question,host,cheap,cheap,cheap,cheap,cheap,cheap,cheap,cheap,cheap
fable,pflag-mixed,2,train,mixed,6.472973,0.866667,True,8.99473,3.095076,0.866667,True,5.703057,sticky_cheap,cheap,118,90,question,host,cheap,cheap,cheap,cheap,cheap,cheap,cheap,cheap,cheap
fable,pr-review-cart,1,train,mixed,4.880651,0.916667,True,7.424467,2.493185,0.916667,True,5.020296,sticky_cheap,cheap,99,5,question,host,cheap,cheap,cheap,host,cheap,cheap,cheap,cheap,cheap
fable,pr-review-cart,2,train,mixed,4.884749,1.0,True,8.145906,2.656615,0.916667,True,5.592704,sticky_cheap,cheap,99,5,question,host,cheap,cheap,cheap,cheap,cheap,host,cheap,cheap,cheap
fable,pr-review-retry,1,train,mixed,3.402826,1.0,True,6.170859,1.760778,1.0,True,4.136096,sticky_cheap,cheap,178,5,question,host,cheap,cheap,cheap,cheap,cheap,cheap,cheap,cheap,cheap
fable,pr-review-retry,2,train,mixed,3.882445,1.0,True,6.761477,2.347441,1.0,True,4.560752,sticky_cheap,cheap,178,5,question,host,cheap,cheap,cheap,cheap,cheap,cheap,cheap,cheap,cheap
fable,py-book-store,1,train,bugfix,6.089829,0.875,True,11.333883,1.889812,1.0,True,3.906053,sticky_cheap,cheap,184,3,implement,host,cheap,cheap,cheap,cheap,cheap,cheap,cheap,cheap,cheap
fable,py-book-store,2,train,bugfix,5.293569,0.875,True,10.080847,3.228194,1.0,True,7.191544,sticky_cheap,cheap,184,3,implement,host,cheap,cheap,cheap,cheap,cheap,cheap,cheap,cheap,cheap
fable,py-forth,1,train,bugfix,6.486225,1.0,True,10.377645,3.520635,1.0,True,11.074223,sonnet_x0.821,host,206,4,implement,host,cheap,host,host,cheap,cheap,cheap,cheap,cheap,cheap
fable,py-forth,2,train,bugfix,6.427477,1.0,True,9.06232,3.856603,1.0,True,11.343324,sonnet_x0.821,host,206,4,implement,host,cheap,host,host,cheap,cheap,cheap,cheap,cheap,cheap
fable,py-go-counting,1,test,mixed,7.766895,1.0,True,9.977983,4.497751,1.0,True,9.031995,sonnet_x0.821,host,211,4,implement,host,cheap,host,host,cheap,cheap,cheap,cheap,cheap,cheap
fable,py-go-counting,2,test,mixed,10.796028,1.0,True,14.174978,4.159704,1.0,True,9.817178,sonnet_x0.821,host,211,4,implement,host,cheap,host,host,cheap,cheap,cheap,cheap,cheap,cheap
fable,py-poker,1,train,feature,10.207294,1.0,True,16.859521,2.908101,1.0,True,6.754142,sonnet_x0.821,host,173,3,implement,host,cheap,host,host,cheap,cheap,cheap,cheap,cheap,cheap
fable,py-poker,2,train,feature,7.397923,1.0,True,12.236146,2.768151,1.0,True,6.705802,sonnet_x0.821,host,173,3,implement,host,cheap,host,host,cheap,cheap,cheap,cheap,cheap,cheap
fable,py-rest-api,1,test,feature,6.077826,1.0,True,10.289444,2.738649,1.0,True,4.910189,sticky_cheap,cheap,277,3,implement,host,cheap,cheap,cheap,cheap,cheap,cheap,cheap,host,cheap
fable,py-rest-api,2,test,feature,5.790744,1.0,True,9.713422,2.582387,1.0,True,5.026868,sticky_cheap,cheap,277,3,implement,host,cheap,cheap,cheap,cheap,cheap,cheap,cheap,host,cheap
fable,py-sgf-parsing,1,train,mixed,9.063865,0.866667,True,15.090283,7.840474,0.866667,True,20.834341,sonnet_x0.821,host,223,4,implement,host,cheap,host,host,cheap,cheap,cheap,cheap,cheap,cheap
fable,py-sgf-parsing,2,train,mixed,15.673074,0.4,False,25.190991,10.497066,0.4,False,26.775602,sonnet_x0.821,host,223,4,implement,host,cheap,host,host,cheap,cheap,cheap,cheap,cheap,cheap
fable,readme-rewrite,1,test,mixed,3.073371,0.75,True,4.021999,1.230148,1.0,True,2.129301,sticky_cheap,cheap,145,5,question,host,cheap,cheap,cheap,cheap,cheap,cheap,cheap,cheap,cheap
fable,readme-rewrite,2,test,mixed,2.724418,0.75,True,3.91778,1.251165,0.875,True,2.380948,sticky_cheap,cheap,145,5,question,host,cheap,cheap,cheap,cheap,cheap,cheap,cheap,cheap,cheap
fable,rust-gradeschool,1,train,feature,5.24311,1.0,True,8.423784,2.691063,1.0,True,5.734428,sticky_cheap,cheap,243,4,implement,host,cheap,cheap,cheap,cheap,cheap,cheap,cheap,cheap,cheap
fable,rust-gradeschool,2,train,feature,4.713469,1.0,True,7.640146,2.212074,1.0,True,4.257472,sticky_cheap,cheap,243,4,implement,host,cheap,cheap,cheap,cheap,cheap,cheap,cheap,cheap,cheap
fable,rust-luhn,1,train,feature,3.64882,1.0,True,7.411254,1.631998,1.0,True,3.030496,sticky_cheap,cheap,345,4,implement,host,cheap,cheap,cheap,cheap,cheap,cheap,cheap,host,cheap
fable,rust-luhn,2,train,feature,3.1522,1.0,True,6.871954,1.728819,1.0,True,3.777109,sticky_cheap,cheap,345,4,implement,host,cheap,cheap,cheap,cheap,cheap,cheap,cheap,host,cheap
fable,rust-ocr,1,test,mixed,8.404129,1.0,True,15.048882,3.489881,1.0,True,6.783448,sticky_cheap,cheap,264,4,implement,host,cheap,cheap,cheap,cheap,cheap,cheap,cheap,host,cheap
fable,rust-ocr,2,test,mixed,7.302353,1.0,True,13.190593,3.627626,1.0,True,7.558935,sticky_cheap,cheap,264,4,implement,host,cheap,cheap,cheap,cheap,cheap,cheap,cheap,host,cheap
fable,rust-twobucket,1,train,feature,5.607597,1.0,True,9.277972,2.610477,1.0,True,7.028967,sonnet_x0.821,host,240,4,implement,host,cheap,host,host,cheap,cheap,cheap,cheap,cheap,cheap
fable,rust-twobucket,2,train,feature,5.737011,1.0,True,13.288545,2.475107,1.0,True,6.117309,sonnet_x0.821,host,240,4,implement,host,cheap,host,host,cheap,cheap,cheap,cheap,cheap,cheap
fable,rust-wordy,1,train,feature,9.326605,1.0,True,17.315854,4.089875,0.5,True,8.525099,sticky_cheap,cheap,236,5,implement,host,cheap,cheap,cheap,host,cheap,host,cheap,cheap,cheap
fable,rust-wordy,2,train,feature,8.889752,1.0,True,15.983098,3.69307,0.5,True,8.069306,sticky_cheap,cheap,236,5,implement,host,cheap,cheap,cheap,host,cheap,host,cheap,cheap,cheap
fable,sales-orders,1,test,mixed,4.093386,1.0,True,6.05536,2.283884,1.0,True,3.855425,sticky_cheap,cheap,172,4,question,host,cheap,cheap,cheap,host,cheap,cheap,cheap,cheap,cheap
fable,sales-orders,2,test,mixed,4.336061,1.0,True,6.876693,2.099042,0.9375,True,3.960389,sticky_cheap,cheap,172,4,question,host,cheap,cheap,cheap,cheap,cheap,host,cheap,cheap,cheap
fable,schema-wrongkey,1,train,bugfix,6.419732,0.916667,True,13.20099,5.352322,0.916667,True,9.735506,sticky_cheap,cheap,607,20,fix,host,cheap,cheap,cheap,cheap,cheap,cheap,cheap,host,cheap
fable,schema-wrongkey,2,train,bugfix,6.241021,0.916667,True,10.374585,5.234514,0.916667,True,9.573528,sticky_cheap,cheap,607,20,fix,host,cheap,cheap,cheap,cheap,cheap,cheap,cheap,host,cheap
fable,semver-review,1,test,review,6.30747,0.8,True,8.26672,3.509311,1.0,True,7.019129,sticky_cheap,cheap,173,30,question,host,cheap,cheap,cheap,host,cheap,cheap,cheap,cheap,cheap
fable,semver-review,2,test,review,4.806472,1.0,True,8.51553,3.176966,0.6,True,6.493811,sticky_cheap,cheap,173,30,question,host,cheap,cheap,cheap,cheap,cheap,host,cheap,cheap,cheap
fable,sortedc-update,1,train,bugfix,4.294539,1.0,True,12.363727,2.909535,1.0,True,7.446891,sonnet_x0.821,host,718,260,fix,host,cheap,host,host,cheap,cheap,cheap,cheap,host,cheap
fable,sortedc-update,2,train,bugfix,3.858837,1.0,True,10.213084,2.665584,1.0,True,7.791344,sonnet_x0.821,host,718,260,fix,host,cheap,host,host,cheap,cheap,cheap,cheap,host,cheap
fable,sqlparse-realname,1,train,bugfix,2.713728,0.875,True,7.322366,2.71784,0.875,True,5.528396,sticky_cheap,cheap,600,86,fix,host,cheap,cheap,cheap,cheap,cheap,host,cheap,host,cheap
fable,sqlparse-realname,2,train,bugfix,3.38292,0.875,True,8.401797,2.155179,0.875,True,5.77569,sticky_cheap,cheap,600,86,fix,host,cheap,cheap,cheap,host,host,cheap,cheap,host,cheap
fable,support-workload,1,train,mixed,1.835293,1.0,True,2.417447,0.903942,1.0,True,1.925397,sticky_cheap,cheap,110,3,question,host,cheap,cheap,cheap,cheap,cheap,cheap,cheap,cheap,cheap
fable,support-workload,2,train,mixed,2.370087,1.0,True,3.033951,0.892628,1.0,True,1.828002,sticky_cheap,cheap,110,3,question,host,cheap,cheap,cheap,cheap,cheap,cheap,cheap,cheap,cheap
fable,survey-analysis,1,test,mixed,4.367991,0.9375,True,6.53476,1.764194,0.9375,True,3.551321,sticky_cheap,cheap,181,2,question,host,cheap,cheap,cheap,cheap,cheap,cheap,cheap,cheap,cheap
fable,survey-analysis,2,test,mixed,4.164034,0.9375,True,6.287637,1.89073,1.0,True,3.532845,sticky_cheap,cheap,181,2,question,host,cheap,cheap,cheap,cheap,cheap,cheap,cheap,cheap,cheap
fable,tabulate-github,1,train,bugfix,5.199058,0.916667,True,9.016183,5.064661,0.916667,True,9.325667,sticky_cheap,cheap,652,22,fix,host,cheap,cheap,cheap,cheap,cheap,cheap,cheap,host,cheap
fable,tabulate-github,2,train,bugfix,6.519858,0.916667,True,13.891023,4.568281,0.916667,True,9.50262,sticky_cheap,cheap,652,22,fix,host,cheap,cheap,cheap,cheap,cheap,cheap,cheap,host,cheap
fable,timesheet-invoice,1,train,mixed,2.623484,1.0,True,3.550261,1.357642,1.0,True,2.443158,sticky_cheap,cheap,102,4,question,host,cheap,cheap,cheap,cheap,cheap,cheap,cheap,cheap,cheap
fable,timesheet-invoice,2,train,mixed,2.739552,1.0,True,3.345144,1.560221,1.0,True,2.624096,sticky_cheap,cheap,102,4,question,host,cheap,cheap,cheap,cheap,cheap,cheap,cheap,cheap,cheap
fable,toolz-interpose,1,test,bugfix,3.588101,1.0,True,7.215225,2.103667,1.0,True,4.074611,sticky_cheap,cheap,414,80,fix,host,cheap,cheap,cheap,cheap,cheap,cheap,cheap,host,cheap
fable,toolz-interpose,2,test,bugfix,3.636856,0.375,True,6.819116,2.287273,1.0,True,5.838972,sticky_cheap,cheap,414,80,fix,host,cheap,cheap,cheap,cheap,cheap,cheap,cheap,host,cheap
fable,voluptuous-number,1,train,bugfix,5.352987,0.833333,True,7.842659,2.501804,1.0,True,4.458764,sticky_cheap,cheap,597,41,fix,host,cheap,cheap,cheap,cheap,cheap,cheap,cheap,host,cheap
fable,voluptuous-number,2,train,bugfix,4.519575,0.916667,True,5.903667,2.561234,0.916667,True,4.460803,sticky_cheap,cheap,597,41,fix,host,cheap,cheap,cheap,cheap,cheap,cheap,cheap,host,cheap
fable,xmltodict-none,1,test,bugfix,3.522529,1.0,True,8.947746,3.279332,1.0,True,7.105849,sticky_cheap,cheap,646,20,fix,host,cheap,cheap,cheap,cheap,cheap,cheap,cheap,host,cheap
fable,xmltodict-none,2,test,bugfix,3.478258,1.0,True,7.904187,2.842142,1.0,True,6.530288,sticky_cheap,cheap,646,20,fix,host,cheap,cheap,cheap,cheap,cheap,cheap,cheap,host,cheap
fable,yamllint-mixed,1,train,mixed,7.907569,1.0,True,11.453881,3.632763,1.0,True,6.401055,sticky_cheap,cheap,125,227,question,host,cheap,cheap,cheap,cheap,cheap,cheap,cheap,cheap,cheap
fable,yamllint-mixed,2,train,mixed,8.341783,1.0,True,14.732033,4.273009,1.0,True,9.881796,sticky_cheap,cheap,125,227,question,host,cheap,cheap,cheap,cheap,cheap,cheap,cheap,cheap,cheap
opus,api-docs,1,test,mixed,3.55918,0.9375,True,12.887909,3.193526,0.9375,True,9.68377,sticky_cheap,cheap,132,5,question,host,cheap,cheap,host,host,host,cheap,cheap,cheap,cheap
opus,api-docs,2,test,mixed,3.18478,0.9375,True,6.515879,3.64786,1.0,True,5.914564,sticky_cheap,cheap,132,5,question,host,cheap,cheap,host,cheap,cheap,host,cheap,cheap,cheap
opus,arch-explain,1,train,mixed,2.87825,1.0,True,7.940721,3.759225,1.0,True,9.022987,sonnet_x0.821,host,132,10,question,host,cheap,host,host,cheap,cheap,host,cheap,cheap,cheap
opus,arch-explain,2,train,mixed,3.225512,1.0,True,8.704872,2.736909,1.0,True,7.446562,sonnet_x0.821,host,132,10,question,host,cheap,host,host,host,host,cheap,cheap,cheap,cheap
opus,boltons-tableutils,1,train,bugfix,1.427843,0.5,True,4.01488,1.911005,0.5,True,4.208542,sticky_cheap,cheap,458,111,fix,host,cheap,cheap,host,host,host,host,cheap,host,cheap
opus,boltons-tableutils,2,train,bugfix,1.049007,0.5,True,3.529842,1.687026,0.5,True,4.485124,sticky_cheap,cheap,458,111,fix,host,cheap,cheap,host,host,host,host,cheap,host,cheap
opus,cachetools-params,1,train,feature,1.945579,1.0,True,3.351717,2.042009,1.0,True,3.480077,sticky_cheap,cheap,600,33,implement,host,cheap,cheap,host,host,host,host,cheap,host,cheap
opus,cachetools-params,2,train,feature,1.557439,1.0,True,3.502486,2.125256,1.0,True,3.849997,sticky_cheap,cheap,600,33,implement,host,cheap,cheap,host,host,host,host,cheap,host,cheap
opus,changelog-gen,1,train,mixed,1.328633,1.0,True,3.371992,1.841652,1.0,True,3.823459,sticky_cheap,cheap,184,4,question,host,cheap,cheap,host,host,host,host,cheap,cheap,cheap
opus,changelog-gen,2,train,mixed,1.362835,1.0,True,3.682588,1.777588,1.0,True,3.923203,sticky_cheap,cheap,184,4,question,host,cheap,cheap,host,host,host,host,cheap,cheap,cheap
opus,commander-docs,1,train,docs,2.033327,0.923077,True,5.024094,2.03827,0.923077,True,4.590537,sticky_cheap,cheap,135,220,question,host,cheap,cheap,host,cheap,cheap,host,cheap,cheap,cheap
opus,commander-docs,2,train,docs,2.38022,0.923077,True,5.6772,2.132257,1.0,True,3.919512,sticky_cheap,cheap,135,220,question,host,cheap,cheap,host,host,host,cheap,cheap,cheap,cheap
opus,config-matrix,1,train,mixed,1.361376,0.916667,False,2.80948,1.244129,1.0,True,2.186686,sticky_cheap,cheap,80,6,question,host,cheap,cheap,host,host,cheap,cheap,cheap,cheap,cheap
opus,config-matrix,2,train,mixed,1.402557,1.0,True,3.134052,1.346305,0.916667,False,2.460045,sticky_cheap,cheap,80,6,question,host,cheap,cheap,host,cheap,cheap,host,cheap,cheap,cheap
opus,debug-triage,1,test,mixed,2.263775,1.0,True,5.890538,1.812518,0.818182,True,3.718531,sticky_cheap,cheap,128,16,question,host,cheap,cheap,host,host,host,host,cheap,cheap,cheap
opus,debug-triage,2,test,mixed,2.391485,0.909091,True,6.439943,2.475872,0.909091,True,5.004126,sticky_cheap,cheap,128,16,question,host,cheap,cheap,host,host,cheap,host,cheap,cheap,cheap
opus,deps-audit,1,train,mixed,1.106057,1.0,True,2.033835,1.11169,1.0,True,2.280957,sticky_cheap,cheap,161,5,question,host,cheap,cheap,host,host,cheap,host,cheap,cheap,cheap
opus,deps-audit,2,train,mixed,1.155197,1.0,True,2.377494,1.014991,0.75,True,2.141708,sticky_cheap,cheap,161,5,question,host,cheap,cheap,host,host,host,host,cheap,cheap,cheap
opus,discrepancy-docs,1,test,mixed,2.369071,1.0,True,4.758132,2.480633,1.0,True,4.8404,sticky_cheap,cheap,127,9,question,host,cheap,cheap,host,cheap,cheap,host,cheap,cheap,cheap
opus,discrepancy-docs,2,test,mixed,2.679916,0.9375,True,4.756905,2.485404,1.0,True,4.400125,sticky_cheap,cheap,127,9,question,host,cheap,cheap,host,host,host,cheap,cheap,cheap,cheap
opus,docstring-audit,1,test,mixed,1.67555,0.916667,True,4.397084,1.906745,0.916667,True,4.562588,sticky_cheap,cheap,98,4,question,host,cheap,cheap,host,host,host,host,cheap,cheap,cheap
opus,docstring-audit,2,test,mixed,1.616415,0.916667,True,3.95641,1.860786,0.75,True,4.352092,sticky_cheap,cheap,98,4,question,host,cheap,cheap,host,host,host,host,cheap,cheap,cheap
opus,expense-anomaly,1,train,mixed,2.422995,1.0,True,3.497866,2.532683,1.0,True,4.408346,sticky_cheap,cheap,198,4,question,host,cheap,cheap,host,host,host,host,cheap,cheap,cheap
opus,expense-anomaly,2,train,mixed,2.307672,1.0,True,3.526994,2.782397,1.0,True,4.302291,sticky_cheap,cheap,198,4,question,host,cheap,cheap,host,host,host,host,cheap,cheap,cheap
opus,fastrand-explain,1,test,explain,1.841846,1.0,True,4.158267,1.607655,0.777778,True,3.154984,sticky_cheap,cheap,162,14,implement,host,cheap,cheap,host,host,cheap,host,cheap,cheap,cheap
opus,fastrand-explain,2,test,explain,1.92406,1.0,True,4.51565,1.51413,0.888889,True,2.778763,sticky_cheap,cheap,162,14,implement,host,cheap,cheap,host,host,cheap,host,cheap,cheap,cheap
opus,fatihcolor-docs,1,train,docs,1.772836,0.875,True,3.575248,1.752277,0.875,True,3.351595,sticky_cheap,cheap,129,10,question,host,cheap,cheap,host,cheap,cheap,cheap,cheap,cheap,cheap
opus,fatihcolor-docs,2,train,docs,1.687575,0.875,True,3.212247,1.532484,1.0,True,2.720091,sticky_cheap,cheap,129,10,question,host,cheap,cheap,host,cheap,cheap,cheap,cheap,cheap,cheap
opus,fd-cli-docs,1,train,docs,3.43658,1.0,True,6.544653,3.199674,0.875,False,5.54631,sticky_cheap,cheap,173,60,question,host,cheap,cheap,host,cheap,cheap,host,cheap,cheap,cheap
opus,fd-cli-docs,2,train,docs,4.097692,0.9375,True,7.192066,3.096691,0.9375,True,4.990442,sticky_cheap,cheap,173,60,question,host,cheap,cheap,host,host,cheap,cheap,cheap,cheap,cheap
opus,filelock-explain,1,test,explain,1.809841,1.0,True,3.760761,1.390401,0.888889,True,2.836912,sticky_cheap,cheap,239,110,question,host,cheap,cheap,host,cheap,cheap,host,cheap,cheap,cheap
opus,filelock-explain,2,test,explain,1.682856,1.0,True,3.531805,1.583962,1.0,True,2.824574,sticky_cheap,cheap,239,110,question,host,cheap,cheap,host,host,cheap,cheap,cheap,cheap,cheap
opus,go-dominoes,1,train,bugfix,2.812378,1.0,True,6.295883,4.470075,1.0,True,13.446035,sticky_cheap,cheap,196,6,implement,host,cheap,cheap,host,cheap,cheap,host,cheap,cheap,cheap
opus,go-dominoes,2,train,bugfix,5.049794,0.923077,True,7.425029,4.697873,1.0,True,10.587629,sticky_cheap,cheap,196,6,implement,host,cheap,cheap,host,host,host,cheap,cheap,cheap,cheap
opus,go-linkedlist,1,test,mixed,3.272558,0.9375,True,6.006125,4.213088,1.0,True,7.095949,sticky_cheap,cheap,226,9,implement,host,cheap,cheap,host,host,host,host,cheap,cheap,cheap
opus,go-linkedlist,2,test,mixed,3.748339,0.8125,False,11.244488,5.114401,1.0,True,13.430472,sticky_cheap,cheap,226,9,implement,host,cheap,cheap,host,host,host,host,cheap,cheap,cheap
opus,go-protein,1,test,feature,1.17782,1.0,True,3.165711,1.487603,1.0,True,2.824975,sticky_cheap,cheap,209,13,implement,host,cheap,cheap,host,host,host,host,cheap,cheap,cheap
opus,go-protein,2,test,feature,1.138891,1.0,True,2.960564,1.356295,1.0,True,2.791108,sticky_cheap,cheap,209,13,implement,host,cheap,cheap,host,host,host,host,cheap,cheap,cheap
opus,go-say,1,train,feature,3.268285,0.363636,False,6.245053,3.799795,0.727273,False,9.157108,sticky_cheap,cheap,158,5,implement,host,cheap,cheap,host,host,host,host,cheap,cheap,cheap
opus,go-say,2,train,feature,3.095319,0.363636,False,5.894262,3.382738,0.545455,False,8.866882,sticky_cheap,cheap,158,5,implement,host,cheap,cheap,host,host,host,host,cheap,cheap,cheap
opus,go-vlq,1,train,feature,2.217065,1.0,True,4.896342,2.943716,1.0,True,5.204267,sticky_cheap,cheap,174,5,implement,host,cheap,cheap,host,host,host,host,cheap,cheap,cheap
opus,go-vlq,2,train,feature,2.002236,1.0,True,4.932824,3.338589,1.0,True,5.913216,sticky_cheap,cheap,174,5,implement,host,cheap,cheap,host,host,host,host,cheap,cheap,cheap
opus,gohumanize-review,1,train,review,2.739627,1.0,True,5.597277,3.023004,0.75,True,5.944067,sticky_cheap,cheap,176,41,question,host,cheap,cheap,host,host,cheap,host,cheap,cheap,cheap
opus,gohumanize-review,2,train,review,2.452647,1.0,True,4.802529,2.442951,0.833333,True,5.035577,sticky_cheap,cheap,176,41,question,host,cheap,cheap,host,host,host,host,cheap,cheap,cheap
opus,hr-salary-qa,1,train,mixed,2.387306,1.0,True,4.833458,2.075755,1.0,True,4.023623,sticky_cheap,cheap,232,3,question,host,cheap,cheap,host,cheap,cheap,cheap,cheap,cheap,cheap
opus,hr-salary-qa,2,train,mixed,2.326495,1.0,True,4.32011,1.989528,1.0,True,3.374282,sticky_cheap,cheap,232,3,question,host,cheap,cheap,host,cheap,cheap,cheap,cheap,cheap,cheap
opus,humanize-review,1,test,review,2.775244,1.0,True,6.187985,4.119433,1.0,True,7.717997,sticky_cheap,cheap,158,92,question,host,cheap,cheap,host,host,host,host,cheap,cheap,cheap
opus,humanize-review,2,test,review,2.622217,1.0,True,5.294965,3.084192,0.916667,True,5.650166,sticky_cheap,cheap,158,92,question,host,cheap,cheap,host,host,host,host,cheap,cheap,cheap
opus,jmespath-strcmp,1,train,bugfix,1.177009,0.888889,True,3.550945,1.75095,0.888889,True,4.107384,sticky_cheap,cheap,435,72,fix,host,cheap,cheap,host,host,host,host,cheap,host,cheap
opus,jmespath-strcmp,2,train,bugfix,1.371315,0.888889,True,3.842866,1.86333,0.888889,True,4.280327,sticky_cheap,cheap,435,72,fix,host,cheap,cheap,host,host,host,host,cheap,host,cheap
opus,js-listops,1,test,feature,1.380831,1.0,True,3.666907,1.730418,1.0,True,3.908861,sticky_cheap,cheap,347,9,implement,host,cheap,cheap,host,host,host,host,cheap,host,cheap
opus,js-listops,2,test,feature,1.276369,1.0,True,3.3626,2.170339,1.0,True,5.218835,sticky_cheap,cheap,347,9,implement,host,cheap,cheap,host,host,host,host,cheap,host,cheap
opus,js-phone,1,test,bugfix,1.223508,1.0,True,3.061457,1.562284,1.0,True,3.504986,sticky_cheap,cheap,253,8,implement,host,cheap,cheap,host,host,host,host,cheap,host,cheap
opus,js-phone,2,test,bugfix,1.172532,1.0,True,3.203546,1.812167,1.0,True,4.18565,sticky_cheap,cheap,253,8,implement,host,cheap,cheap,host,host,host,host,cheap,host,cheap
opus,js-rationals,1,train,feature,3.051674,1.0,True,5.341254,3.347912,0.25,True,4.86047,sticky_cheap,cheap,263,8,implement,host,cheap,cheap,host,host,host,host,cheap,host,cheap
opus,js-rationals,2,train,feature,3.09889,0.25,True,5.331604,3.3012,0.166667,True,4.988127,sticky_cheap,cheap,263,8,implement,host,cheap,cheap,host,host,host,host,cheap,host,cheap
opus,js-tournament,1,train,mixed,3.430025,1.0,True,7.982956,5.921582,1.0,True,9.503557,sticky_cheap,cheap,248,8,implement,host,cheap,cheap,host,host,host,host,cheap,host,cheap
opus,js-tournament,2,train,mixed,3.365843,1.0,True,7.628913,3.646162,1.0,True,6.472591,sticky_cheap,cheap,248,8,implement,host,cheap,cheap,host,host,host,host,cheap,host,cheap
opus,kac-docs,1,train,docs,2.257726,0.928571,True,6.256307,1.995711,0.928571,True,5.227718,sticky_cheap,cheap,157,189,question,host,cheap,cheap,host,cheap,cheap,cheap,cheap,cheap,cheap
opus,kac-docs,2,train,docs,2.198649,0.857143,True,5.772744,2.008738,0.928571,True,4.774342,sticky_cheap,cheap,157,189,question,host,cheap,cheap,host,cheap,cheap,cheap,cheap,cheap,cheap
opus,lark-discard,1,test,bugfix,1.630126,1.0,True,5.111313,2.462301,1.0,True,6.275504,sticky_cheap,cheap,717,189,fix,host,cheap,cheap,host,host,host,host,cheap,host,cheap
opus,lark-discard,2,test,bugfix,1.855149,1.0,True,6.25034,2.339882,1.0,True,6.003964,sticky_cheap,cheap,717,189,fix,host,cheap,cheap,host,host,host,host,cheap,host,cheap
opus,lark-template,1,test,bugfix,1.68108,0.375,True,4.034615,3.560288,0.75,True,8.560298,sticky_cheap,cheap,680,189,fix,host,cheap,cheap,host,host,host,host,cheap,host,cheap
opus,lark-template,2,test,bugfix,1.665873,0.75,True,3.840693,2.99064,0.875,True,7.60208,sticky_cheap,cheap,680,189,fix,host,cheap,cheap,host,host,host,host,cheap,host,cheap
opus,log-incident,1,train,mixed,1.435631,0.875,True,2.654806,1.134228,1.0,True,1.979919,sticky_cheap,cheap,130,2,question,host,cheap,cheap,host,cheap,cheap,cheap,cheap,cheap,cheap
opus,log-incident,2,train,mixed,1.374889,0.875,True,2.310088,1.175924,1.0,True,1.78292,sticky_cheap,cheap,130,2,question,host,cheap,cheap,host,cheap,cheap,cheap,cheap,cheap,cheap
opus,markdown-tocclass,1,train,feature,1.894093,0.9,True,3.060663,2.028042,0.9,True,3.3847,sonnet_x0.821,host,535,494,fix,host,cheap,host,host,host,host,host,host,host,host
opus,markdown-tocclass,2,train,feature,1.661944,0.9,True,3.164265,2.06497,0.9,True,4.232299,sonnet_x0.821,host,535,494,fix,host,cheap,host,host,host,host,host,host,host,host
opus,meeting-notes,1,train,mixed,1.542726,1.0,True,1.888916,1.130614,1.0,True,1.814689,sticky_cheap,cheap,106,2,question,host,cheap,cheap,host,cheap,cheap,cheap,cheap,cheap,cheap
opus,meeting-notes,2,train,mixed,1.328553,1.0,True,1.527369,1.154083,1.0,True,1.600934,sticky_cheap,cheap,106,2,question,host,cheap,cheap,host,cheap,cheap,cheap,cheap,cheap,cheap
opus,migration-plan,1,train,mixed,2.7714,1.0,True,6.498103,3.305377,0.916667,True,6.198688,sticky_cheap,cheap,147,6,question,host,cheap,cheap,host,host,host,host,cheap,cheap,cheap
opus,migration-plan,2,train,mixed,2.589832,0.916667,True,6.428656,2.957726,0.916667,True,6.335447,sticky_cheap,cheap,147,6,question,host,cheap,cheap,host,host,host,host,cheap,cheap,cheap
opus,mistune-escape,1,test,bugfix,1.149242,1.0,True,3.786727,2.009162,1.0,True,4.434805,sticky_cheap,cheap,640,142,fix,host,cheap,cheap,host,host,host,host,cheap,host,cheap
opus,mistune-escape,2,test,bugfix,1.262382,1.0,True,4.014542,1.55969,1.0,True,3.448684,sticky_cheap,cheap,640,142,fix,host,cheap,cheap,host,host,host,host,cheap,host,cheap
opus,moreit-chunked,1,train,bugfix,1.276766,1.0,True,4.130566,1.871757,1.0,True,4.924916,sticky_cheap,cheap,536,39,fix,host,cheap,cheap,host,host,host,host,cheap,host,cheap
opus,moreit-chunked,2,train,bugfix,1.167504,1.0,True,4.01572,1.833726,1.0,True,4.621312,sticky_cheap,cheap,536,39,fix,host,cheap,cheap,host,host,host,host,cheap,host,cheap
opus,ms-review,1,train,review,1.81955,0.875,True,3.611756,1.676758,0.625,False,3.398359,sticky_cheap,cheap,157,25,question,host,cheap,cheap,host,host,cheap,host,cheap,cheap,cheap
opus,ms-review,2,train,review,1.956497,1.0,True,4.356389,1.797001,0.75,True,4.327391,sticky_cheap,cheap,157,25,question,host,cheap,cheap,host,host,cheap,host,cheap,cheap,cheap
opus,nanoid-explain,1,train,explain,1.800135,0.9,True,4.45504,1.368548,0.8,True,2.993085,sticky_cheap,cheap,128,49,question,host,cheap,cheap,host,cheap,cheap,host,cheap,cheap,cheap
opus,nanoid-explain,2,train,explain,1.691934,0.8,True,4.265339,1.240045,0.8,True,2.867024,sticky_cheap,cheap,128,49,question,host,cheap,cheap,host,host,cheap,cheap,cheap,cheap,cheap
opus,okr-status,1,train,mixed,1.468883,0.916667,True,2.772428,1.422727,1.0,True,2.624899,sticky_cheap,cheap,147,9,question,host,cheap,cheap,host,cheap,cheap,cheap,cheap,cheap,cheap
opus,okr-status,2,train,mixed,1.720682,0.916667,True,2.951961,1.323781,0.916667,True,2.510161,sticky_cheap,cheap,147,9,question,host,cheap,cheap,host,cheap,cheap,cheap,cheap,cheap,cheap
opus,pathspec-matchfile,1,train,bugfix,1.13188,1.0,True,3.588677,2.651584,1.0,True,5.111693,sticky_cheap,cheap,477,39,fix,host,cheap,cheap,host,host,host,host,cheap,host,cheap
opus,pathspec-matchfile,2,train,bugfix,1.335372,1.0,True,3.944714,2.129181,1.0,True,4.477477,sticky_cheap,cheap,477,39,fix,host,cheap,cheap,host,host,host,host,cheap,host,cheap
opus,pflag-mixed,1,train,mixed,3.273917,0.866667,True,6.571078,3.49793,1.0,True,6.168048,sticky_cheap,cheap,118,90,question,host,cheap,cheap,host,host,host,host,cheap,cheap,cheap
opus,pflag-mixed,2,train,mixed,3.15319,0.866667,True,8.256455,3.377485,0.866667,True,7.887249,sticky_cheap,cheap,118,90,question,host,cheap,cheap,host,host,host,host,cheap,cheap,cheap
opus,pr-review-cart,1,train,mixed,2.318104,1.0,True,5.0923,2.281885,1.0,True,4.397656,sticky_cheap,cheap,99,5,question,host,cheap,cheap,host,host,host,cheap,cheap,cheap,cheap
opus,pr-review-cart,2,train,mixed,2.447412,1.0,True,5.451514,2.590883,1.0,True,5.602442,sticky_cheap,cheap,99,5,question,host,cheap,cheap,host,cheap,cheap,host,cheap,cheap,cheap
opus,pr-review-retry,1,train,mixed,1.390184,1.0,True,3.974021,1.750547,1.0,True,4.105719,sticky_cheap,cheap,178,5,question,host,cheap,cheap,host,host,host,host,cheap,cheap,cheap
opus,pr-review-retry,2,train,mixed,1.286546,1.0,True,3.462233,1.760286,1.0,True,4.299991,sticky_cheap,cheap,178,5,question,host,cheap,cheap,host,host,host,host,cheap,cheap,cheap
opus,py-book-store,1,train,bugfix,2.095293,0.875,True,5.457447,2.352782,0.875,True,6.578573,sticky_cheap,cheap,184,3,implement,host,cheap,cheap,host,cheap,cheap,host,cheap,cheap,cheap
opus,py-book-store,2,train,bugfix,2.088921,0.875,True,6.278035,1.755356,1.0,True,3.931364,sticky_cheap,cheap,184,3,implement,host,cheap,cheap,host,host,host,cheap,cheap,cheap,cheap
opus,py-forth,1,train,bugfix,2.605886,1.0,True,6.708841,3.520635,1.0,True,11.074223,sonnet_x0.821,host,206,4,implement,host,cheap,host,host,host,host,host,cheap,cheap,cheap
opus,py-forth,2,train,bugfix,2.512196,1.0,True,5.485842,3.932191,1.0,True,9.53056,sticky_cheap,cheap,206,4,implement,host,cheap,cheap,host,host,host,host,cheap,cheap,cheap
opus,py-go-counting,1,test,mixed,3.416577,1.0,True,6.351904,4.497751,1.0,True,9.031995,sonnet_x0.821,host,211,4,implement,host,cheap,host,host,host,host,host,cheap,cheap,cheap
opus,py-go-counting,2,test,mixed,3.074285,1.0,True,6.091898,4.159704,1.0,True,9.817178,sonnet_x0.821,host,211,4,implement,host,cheap,host,host,host,host,host,cheap,cheap,cheap
opus,py-poker,1,train,feature,2.782066,1.0,True,6.381519,2.908101,1.0,True,6.754142,sonnet_x0.821,host,173,3,implement,host,cheap,host,host,host,host,host,cheap,cheap,cheap
opus,py-poker,2,train,feature,2.503855,1.0,True,5.363494,2.768151,1.0,True,6.705802,sonnet_x0.821,host,173,3,implement,host,cheap,host,host,host,host,host,cheap,cheap,cheap
opus,py-rest-api,1,test,feature,2.58199,1.0,True,6.904257,2.352887,1.0,True,4.957642,sticky_cheap,cheap,277,3,implement,host,cheap,cheap,host,host,host,cheap,cheap,host,cheap
opus,py-rest-api,2,test,feature,2.248255,1.0,True,5.553669,2.654989,0.444444,False,5.431954,sticky_cheap,cheap,277,3,implement,host,cheap,cheap,host,cheap,cheap,host,cheap,host,cheap
opus,py-sgf-parsing,1,train,mixed,4.863372,0.333333,False,12.879681,7.840474,0.866667,True,20.834341,sonnet_x0.821,host,223,4,implement,host,cheap,host,host,host,host,host,cheap,cheap,cheap
opus,py-sgf-parsing,2,train,mixed,5.119752,0.4,False,12.897201,10.497066,0.4,False,26.775602,sonnet_x0.821,host,223,4,implement,host,cheap,host,host,host,host,host,cheap,cheap,cheap
opus,readme-rewrite,1,test,mixed,1.217355,0.75,True,2.250015,1.10809,0.875,True,2.194251,sticky_cheap,cheap,145,5,question,host,cheap,cheap,host,cheap,cheap,cheap,cheap,cheap,cheap
opus,readme-rewrite,2,test,mixed,1.329057,0.875,True,2.492628,1.117501,0.875,True,1.866076,sticky_cheap,cheap,145,5,question,host,cheap,cheap,host,cheap,cheap,cheap,cheap,cheap,cheap
opus,rust-gradeschool,1,train,feature,2.003667,1.0,True,4.106097,2.600432,1.0,True,4.243838,sticky_cheap,cheap,243,4,implement,host,cheap,cheap,host,host,host,host,cheap,cheap,cheap
opus,rust-gradeschool,2,train,feature,1.674446,1.0,True,3.641234,2.654132,1.0,True,4.830702,sticky_cheap,cheap,243,4,implement,host,cheap,cheap,host,host,host,host,cheap,cheap,cheap
opus,rust-luhn,1,train,feature,1.546227,1.0,True,3.667216,1.503139,1.0,True,3.464795,sticky_cheap,cheap,345,4,implement,host,cheap,cheap,host,host,host,cheap,cheap,host,cheap
opus,rust-luhn,2,train,feature,1.20794,0.875,True,3.378499,1.788366,1.0,True,3.444637,sticky_cheap,cheap,345,4,implement,host,cheap,cheap,host,cheap,cheap,host,cheap,host,cheap
opus,rust-ocr,1,test,mixed,2.878303,1.0,True,6.652456,4.056992,1.0,True,7.971533,sticky_cheap,cheap,264,4,implement,host,cheap,cheap,host,host,host,host,cheap,host,cheap
opus,rust-ocr,2,test,mixed,2.692953,1.0,True,6.444142,3.658989,1.0,True,8.637556,sonnet_x0.821,host,264,4,implement,host,cheap,host,host,host,host,host,cheap,host,cheap
opus,rust-twobucket,1,train,feature,2.211685,1.0,True,5.568031,2.610477,1.0,True,7.028967,sonnet_x0.821,host,240,4,implement,host,cheap,host,host,host,host,host,cheap,cheap,cheap
opus,rust-twobucket,2,train,feature,1.864687,0.916667,True,5.027993,2.475107,1.0,True,6.117309,sonnet_x0.821,host,240,4,implement,host,cheap,host,host,host,host,host,cheap,cheap,cheap
opus,rust-wordy,1,train,feature,3.137804,1.0,True,8.313218,3.881088,1.0,True,8.165918,sticky_cheap,cheap,236,5,implement,host,cheap,cheap,host,host,host,host,cheap,cheap,cheap
opus,rust-wordy,2,train,feature,2.56669,1.0,True,7.171525,4.295443,1.0,True,9.271828,sticky_cheap,cheap,236,5,implement,host,cheap,cheap,host,host,host,host,cheap,cheap,cheap
opus,sales-orders,1,test,mixed,1.932664,1.0,True,4.266721,1.944697,1.0,True,3.260287,sticky_cheap,cheap,172,4,question,host,cheap,cheap,host,cheap,cheap,host,cheap,cheap,cheap
opus,sales-orders,2,test,mixed,2.012403,1.0,True,4.595059,1.957055,1.0,True,4.005624,sticky_cheap,cheap,172,4,question,host,cheap,cheap,host,host,host,cheap,cheap,cheap,cheap
opus,schema-wrongkey,1,train,bugfix,2.460416,0.916667,True,6.40121,5.114352,0.916667,True,10.204374,sticky_cheap,cheap,607,20,fix,host,cheap,cheap,host,host,host,host,cheap,host,cheap
opus,schema-wrongkey,2,train,bugfix,2.513746,0.916667,True,5.794686,4.940428,0.583333,True,9.239177,sticky_cheap,cheap,607,20,fix,host,cheap,cheap,host,host,host,host,cheap,host,cheap
opus,semver-review,1,test,review,2.013714,0.9,True,4.82534,3.084879,0.7,True,6.163336,sticky_cheap,cheap,173,30,question,host,cheap,cheap,host,host,host,host,cheap,cheap,cheap
opus,semver-review,2,test,review,2.078261,0.9,True,7.249786,2.632778,1.0,True,8.056791,sticky_cheap,cheap,173,30,question,host,cheap,cheap,host,host,host,host,cheap,cheap,cheap
opus,sortedc-update,1,train,bugfix,1.658975,1.0,True,5.351097,2.909535,1.0,True,7.446891,sonnet_x0.821,host,718,260,fix,host,cheap,host,host,host,host,host,cheap,host,cheap
opus,sortedc-update,2,train,bugfix,1.508457,1.0,True,5.014873,2.665584,1.0,True,7.791344,sonnet_x0.821,host,718,260,fix,host,cheap,host,host,host,host,host,cheap,host,cheap
opus,sqlparse-realname,1,train,bugfix,1.47428,1.0,True,4.532529,2.883539,1.0,True,6.498076,sticky_cheap,cheap,600,86,fix,host,cheap,cheap,host,host,host,host,cheap,host,cheap
opus,sqlparse-realname,2,train,bugfix,1.098807,1.0,True,3.559639,2.844067,1.0,True,6.672833,sticky_cheap,cheap,600,86,fix,host,cheap,cheap,host,host,host,host,cheap,host,cheap
opus,support-workload,1,train,mixed,0.840923,0.875,True,2.001743,0.837448,1.0,True,1.74445,sticky_cheap,cheap,110,3,question,host,cheap,cheap,host,host,host,cheap,cheap,cheap,cheap
opus,support-workload,2,train,mixed,0.856162,0.875,True,2.144011,0.919809,1.0,True,1.860472,sticky_cheap,cheap,110,3,question,host,cheap,cheap,host,cheap,cheap,host,cheap,cheap,cheap
opus,survey-analysis,1,test,mixed,2.07373,1.0,True,4.445398,1.838105,1.0,True,3.535972,sticky_cheap,cheap,181,2,question,host,cheap,cheap,host,cheap,cheap,cheap,cheap,cheap,cheap
opus,survey-analysis,2,test,mixed,2.03988,0.9375,True,4.427361,1.783457,1.0,True,3.313046,sticky_cheap,cheap,181,2,question,host,cheap,cheap,host,cheap,cheap,cheap,cheap,cheap,cheap
opus,tabulate-github,1,train,bugfix,2.080009,0.916667,True,6.216953,4.699735,0.916667,True,9.814078,sticky_cheap,cheap,652,22,fix,host,cheap,cheap,host,host,host,host,cheap,host,cheap
opus,tabulate-github,2,train,bugfix,2.05649,0.916667,True,5.896615,5.255166,0.916667,True,9.858675,sticky_cheap,cheap,652,22,fix,host,cheap,cheap,host,host,host,host,cheap,host,cheap
opus,timesheet-invoice,1,train,mixed,1.208396,1.0,True,2.621812,1.318608,1.0,True,2.584041,sticky_cheap,cheap,102,4,question,host,cheap,cheap,host,host,host,host,cheap,cheap,cheap
opus,timesheet-invoice,2,train,mixed,1.221618,1.0,True,2.545897,1.37006,1.0,True,2.568693,sticky_cheap,cheap,102,4,question,host,cheap,cheap,host,host,host,host,cheap,cheap,cheap
opus,toolz-interpose,1,test,bugfix,1.52769,1.0,True,3.279658,2.354833,1.0,True,4.051062,sticky_cheap,cheap,414,80,fix,host,cheap,cheap,host,host,host,host,cheap,host,cheap
opus,toolz-interpose,2,test,bugfix,1.7551,1.0,True,3.032287,1.988205,1.0,True,3.33594,sticky_cheap,cheap,414,80,fix,host,cheap,cheap,host,host,host,host,cheap,host,cheap
opus,voluptuous-number,1,train,bugfix,1.75352,0.833333,True,4.195378,2.886975,0.916667,True,5.362028,sticky_cheap,cheap,597,41,fix,host,cheap,cheap,host,host,host,host,cheap,host,cheap
opus,voluptuous-number,2,train,bugfix,1.827421,0.916667,True,4.440109,3.188089,0.916667,True,5.925112,sticky_cheap,cheap,597,41,fix,host,cheap,cheap,host,host,host,host,cheap,host,cheap
opus,xmltodict-none,1,test,bugfix,1.56487,1.0,True,4.904071,2.641648,1.0,True,5.666772,sticky_cheap,cheap,646,20,fix,host,cheap,cheap,host,host,host,host,cheap,host,cheap
opus,xmltodict-none,2,test,bugfix,1.336241,1.0,True,4.442659,2.934643,1.0,True,6.668609,sticky_cheap,cheap,646,20,fix,host,cheap,cheap,host,host,host,host,cheap,host,cheap
opus,yamllint-mixed,1,train,mixed,3.86897,1.0,True,7.490999,4.1283,0.928571,True,7.042206,sticky_cheap,cheap,125,227,question,host,cheap,cheap,host,host,cheap,host,cheap,cheap,cheap
opus,yamllint-mixed,2,train,mixed,4.462792,1.0,True,7.043569,4.011147,0.928571,True,6.139144,sticky_cheap,cheap,125,227,question,host,cheap,cheap,host,host,host,host,cheap,cheap,cheap
