host,decider,strong_effort,host_factor,n_units,n_scenarios,route_share,mean_cost_usd,usd_per_1000_sessions,total_cost_ratio,gm_cost_ratio,gm_cost_ratio_ci95,d_turn_pass,d_turn_pass_ci95,d_final_pass,mean_wall_min
fable,rule_R*,default,1.0,140,70,0.985714,2.738515,2738.515377,0.515593,0.509367,"[0.483842, 0.537637]",-0.018915,"[-0.052319, 0.010335]",-0.042857,5.752611
fable,rule_R*,medium,0.86,140,70,0.985714,2.727894,2727.893648,0.513593,0.508271,"[0.483382, 0.535736]",-0.018915,"[-0.052319, 0.010335]",-0.042857,5.752611
fable,jev_recorded,default,1.0,140,70,0.885714,3.107584,3107.584057,0.585079,0.545284,"[0.509964, 0.584511]",-0.018915,"[-0.052319, 0.010335]",-0.042857,6.045278
fable,jev_recorded,medium,0.86,140,70,0.885714,2.988087,2988.08739,0.562581,0.535965,"[0.505142, 0.569878]",-0.018915,"[-0.052319, 0.010335]",-0.042857,6.045278
fable,always_route,default,1.0,140,70,1.0,2.691882,2691.881688,0.506813,0.502479,"[0.478802, 0.528683]",-0.018915,"[-0.052319, 0.010335]",-0.042857,5.687991
fable,always_route,medium,0.86,140,70,1.0,2.691882,2691.881688,0.506813,0.502479,"[0.478802, 0.528683]",-0.018915,"[-0.052319, 0.010335]",-0.042857,5.687991
fable,always_host,default,1.0,140,70,0.0,5.311392,5311.39215,1.0,1.0,"[1.0, 1.0]",0.0,"[0.0, 0.0]",0.0,8.81257
fable,always_host,medium,0.86,140,70,0.0,4.567797,4567.797249,0.86,0.86,"[0.86, 0.86]",0.0,"[0.0, 0.0]",0.0,8.81257
opus,rule_R*,default,1.0,140,70,0.985714,2.616478,2616.477863,1.23104,1.194566,"[1.122461, 1.270756]",-0.004939,"[-0.029501, 0.018741]",-0.007143,5.56683
opus,rule_R*,medium,0.86,140,70,0.985714,2.612922,2612.921826,1.229367,1.191995,"[1.119695, 1.26903]",-0.004939,"[-0.029501, 0.018741]",-0.007143,5.56683
opus,jev_recorded,default,1.0,140,70,0.885714,2.497896,2497.896457,1.175248,1.159197,"[1.091781, 1.232311]",-0.009344,"[-0.032684, 0.013199]",-0.014286,5.254268
opus,jev_recorded,medium,0.86,140,70,0.885714,2.453934,2453.934108,1.154564,1.139387,"[1.070069, 1.215521]",-0.009344,"[-0.032684, 0.013199]",-0.014286,5.254268
opus,always_route,default,1.0,140,70,1.0,2.620313,2620.313403,1.232845,1.197004,"[1.124877, 1.272846]",-0.004939,"[-0.029501, 0.018741]",-0.007143,5.576773
opus,always_route,medium,0.86,140,70,1.0,2.620313,2620.313403,1.232845,1.197004,"[1.124877, 1.272846]",-0.004939,"[-0.029501, 0.018741]",-0.007143,5.576773
opus,always_host,default,1.0,140,70,0.0,2.12542,2125.420157,1.0,1.0,"[1.0, 1.0]",0.0,"[0.0, 0.0]",0.0,4.947399
opus,always_host,medium,0.86,140,70,0.0,1.827861,1827.861335,0.86,0.86,"[0.86, 0.86]",0.0,"[0.0, 0.0]",0.0,4.947399
